Term,Frequency
Kenya,488
Nairobi,146
EACC,99
IEBC,98
WHO,75
KCSE,68
CBC,68
TVET,67
COVID-19,62
Ksh,60
Huduma,58
Mombasa,52
Garissa,48
Namba,44
HIV,41
Covid-19,38
Mpox,36
NPS,35
KNEC,34
Nakuru,33
Lamu,30
KUCCPS,30
SHA,30
Kisumu,30
Kakamega,29
IPOA,28
B,28
DCI,26
COP,26
KPSEA,26
Machakos,25
Kiambu,23
ID,22
Kitui,22
SMS,22
Bungoma,21
KRA,20
Kilifi,20
Taita,20
Busia,20
HELB,20
KICD,19
Taveta,19
IFAD,19
CSA,19
Red,18
National,18
Cross,18
Asia,18
Ruto,17
Migori,17
Nyandarua,17
Turkana,16
Newcastle,16
AATF,16
Tana,16
WhatsApp,16
A,15
Narok,15
Embu,15
Support,14
KENYA,14
County,14
Siaya,14
Nyeri,14
Elgeyo,14
CS,14
Meru,14
Mandera,14
NSDCC,14
TIMS,14
River,14
Wajir,14
CBA,13
Mahoo,13
GBV,12
NHIF,12
UHC,12
Marakwet,12
Kenyatta,12
Education,12
Marsabit,12
Baringo,12
Corrigenda,12
Somalia,12
AI,12
NACADA,12
Samburu,12
Grade,11
Isiolo,11
TB,11
Shabaab,10
EduTV,10
North,10
CBK,10
Sudan,10
Tanzania,10
Kakuma,10
Google,10
KNCHR,10
Safaricom,10
Nandi,10
Mbeere,10
Dadaab,10
Eldoret,10
Malaria,10
Kibra,10
Rurii,9
NTSA,9
Rift,9
South,9
Health,9
Juja,9
Murang,9
Form,9
Bonchari,9
M,9
Malava,8
Magoha,8
KSh,8
Play,8
PSC,8
AIDS,8
Kagwe,8
Ebola,8
Nguu,8
KICC,8
TPAD,8
Nigeria,8
Francis,8
APS,8
ACAT,8
Wafula,8
Barasa,8
Chebukati,8
Masumba,8
Z,7
Wi,7
KJSEA,7
Utawala,7
Mumias,7
Muminji,7
Ward,7
PS,7
Geoffrey,7
Fund,7
IEBCKenya,7
Fi,7
Jan,7
Citizen,7
C,7
CAW,7
Evurore,7
App,7
CCTV,7
Kiagu,7
Kabras,7
KEPHIS,7
EU,7
Ministry,7
AM,6
UNICEF,6
World,6
Kirinyaga,6
Tiaty,6
CBD,6
Diaspora,6
OMR,6
Africa,6
Pacific,6
Ruai,6
NCRC,6
Facebook,6
KCPE,6
KBC,6
NSSF,6
IG,6
Al,6
ASAL,6
Kajiado,6
Rwanda,6
India,6
Wanderi,6
Mary,6
Teachers,6
Muthoni,6
BBI,6
Kericho,6
University,6
Marburg,6
Nov,6
Apple,6
Ruku,6
Nyumba,6
Cloud,6
Kumi,6
Aga,6
Nyamira,6
James,6
Khan,6
KNAP,6
PCVE,6
HSS,6
KDF,6
Batalu,6
KRCS,6
KALRO,6
Dabaso,6
Ambulance,6
CGIAR,6
Gen,6
Kiambaa,6
Makueni,6
Kandara,6
Thaana,6
Police,6
Safari,6
TSC,6
COVID,6
YouTube,6
Service,6
AP,6
PRWG,6
Saba,5
E,5
News,5
Interior,5
Watch,5
Kisii,5
Institute,5
Matungu,5
IPM,5
Pull,5
Kabuchai,5
Kyome,5
Kitale,5
Gem,5
Ololmasani,5
Uasin,5
GM,5
Agriculture,5
Ethekon,5
Global,5
London,5
Uganda,5
MOH,5
Julius,5
Eldas,4
Reuters,4
Guardian,4
Mwangi,4
Rights,4
William,4
George,4
STEM,4
Human,4
Malawi,4
Spodoptera,4
Muguga,4
Mutonguni,4
EACCKenya,4
NG,4
KBCniYetu,4
CSPM,4
Thika,4
St,4
John,4
Abuja,4
Tharaka,4
Shella,4
Emurua,4
Gishu,4
Kadem,4
MCA,4
Ganda,4
Loiyangalani,4
NCTC,4
Show,4
PIN,4
Abakaile,4
VPN,4
Gmail,4
Store,4
USB,4
ICT,4
Missing,4
Voices,4
Dikirr,4
Egesa,4
Nyahururu,4
Homabay,4
UDA,4
Duale,4
Korir,4
Torome,4
Mwaura,4
Nyanza,4
GE,4
UK,4
AAR,4
Endo,4
MNA,4
KMD,4
Nithi,4
FGM,4
SUNCSA,4
CNAP,4
ANC,4
Kalobeyei,4
WHS,4
Bay,4
Saitoti,4
Kwale,4
Ukraine,4
Moscow,4
Donbas,4
Anne,4
Pokot,4
Kachapin,4
Vibrio,4
Homa,4
USAID,4
Desmodium,4
Trans,4
Laikipia,4
Waiguru,4
Kiai,4
Kigali,4
Mugambi,4
Martha,4
Angata,4
Koome,4
D,4
Trump,4
Vihiga,4
KEMRI,4
Power,4
Mutahi,4
Covid,4
MPESA,4
Malowa,4
NYS,4
Didacus,4
Malindi,4
Nutrition,4
Vitamin,4
Bank,4
Centre,4
Jamhuri,4
Taifa,4
NPSC,4
United,4
Agricultural,4
Instagram,4
Terrorism,4
G,4
Counter,4
TVETA,4
IMLU,4
Mwala,4
KEPSSI,4
Simon,4
Qatar,4
JSS,4
Narumoru,4
IOM,4
Plan,4
Integrity,4
Gazette,3
Hidaya,3
Rally,3
KWS,3
Industrial,3
Fatuma,3
FAO,3
CA,3
CVR,3
Naivasha,3
Care,3
Bitok,3
IED,3
ODPP,3
Integrated,3
Jul-2020,3
CDF,3
Group,3
Tembelio,3
Independence,3
Huruma,3
Bobasi,3
Chache,3
O,3
Syndemic,3
Sakwa,3
Bomas,3
Park,3
Kitise,3
Kiamokama,3
Mukhwana,3
JKIA,3
PTSD,3
Data,3
Technical,3
April,3
TV,3
Dec,3
Teach,3
Provide,3
Portal,3
Services,3
Western,3
Commission,3
African,3
Community,3
Digital,3
Climate,3
Kingdom,3
Dr,3
Wards,2
Stipendium,2
Hungaricum,2
PWDs,2
Nane,2
Yatta,2
Russia,2
East,2
Regional,2
Ojwang,2
Heimlich,2
UV,2
Lighting,2
ASK,2
Gaitho,2
FichuaGaitho,2
Maandamano,2
UNDP,2
KTTC,2
VR,2
Zac,2
Embassy,2
Strategy,2
Indonesia,2
Mkunumbi,2
Mapenya,2
CVE,2
IS,2
Dusit,2
Westgate,2
NIWETU,2
ATPU,2
NSCVE,2
Jebet,2
Kibera,2
Amnesty,2
Albert,2
NGO,2
Organization,2
Trade,2
SafePass,2
Jackpot,2
Bluetooth,2
DHL,2
NACCSC,2
Australia,2
Kainuk,2
LGBTQ,2
Samia,2
The,2
BBC,2
Katiba,2
JLTM,2
Authority,2
Department,2
Meteorological,2
Channel,2
QR,2
Machogu,2
Gilgil,2
Njaaga,2
David,2
KeNHA,2
Murkomen,2
TUKO,2
Ingari,2
FATF,2
PBO,2
KLIF,2
PESA,2
Zoom,2
Pro,2
SNE,2
Eastern,2
Fisheries,2
Kayole,2
UAE,2
Changa,2
Bii,2
Mutai,2
Thiba,2
Sagana,2
Met,2
AK-47,2
Sakaja,2
GOOD,2
Management,2
Braille,2
Optical,2
KSL,2
Radio,2
Nyabuga,2
WIBA,2
DOSHS,2
IIEC,2
ECK,2
Karambu,2
SACCO,2
Barikkoi,2
Mara,2
Telegram,2
Airways,2
Emirates,2
CRB,2
I,2
GNDEM,2
WRA,2
Kiprono,2
Olha,2
Reshetylova,2
Kyiv,2
Timamy,2
CECM,2
Jones,2
Omwenga,2
UNHCR,2
Polytechnic,2
Sigalagala,2
H,2
Foundation,2
Technology,2
Norway,2
OGP,2
Alex,2
CCF,2
Lemarkoko,2
Lagat,2
Eliud,2
CRJ,2
IFES,2
WRS,2
IDPs,2
LPG,2
TikTok,2
MoreMilk,2
NGOs,2
Market,2
Mental,2
Society,2
Wambua,2
NGECKenya,2
Winnie,2
PPLC,2
Misati,2
Evans,2
Cherera,2
Harley,2
Mutisya,2
York,2
Pius,2
Sang,2
KPC,2
Michael,2
Kremer,2
Nobel,2
SCM,2
EOP,2
Oyaro,2
Kerebi,2
Moureen,2
NEMA,2
Rasi,2
Masudi,2
Burundi,2
Nderitu,2
Medical,2
Research,2
PPEs,2
EGMS,2
Philip,2
Githiora,2
Tuya,2
Patrick,2
Mariru,2
Aden,2
Mudavadi,2
Kiptogot,2
New,2
Napier,2
Pennisetum,2
WTO,2
SDG,2
Public,2
UHURU,2
KENYATTA,2
Me,2
OER,2
Include,2
Anopheles,2
Miti,2
Kennedy,2
TAIFA,2
Wanga,2
SEEDS,2
MSA,2
CFS,2
Stephensi,2
Nyong,2
CDC,2
ELRC,2
Submit,2
Treasury,2
Resources,2
Cuba,2
Omicron,2
Tanager,2
AMS,2
MICCA,2
Sahel,2
PRAPS,2
Kasipul,2
Achani,2
Ndaragwa,2
Miano,2
Transnzoia,2
Transnzioia,2
NDITC,2
Raila,2
ODM,2
Odinga,2
Betty,2
Maina,2
Kinango,2
Mbarire,2
Ronoh,2
Habaswein,2
FM,2
Sala,2
Simone,2
Egerton,2
SFSA,2
NMS,2
Mwanaisha,2
Chidzuga,2
Omollo,2
Raymond,2
KEVEVAPI,2
ICIPE,2
Jim,2
PSS,2
KMFRI,2
Oparanya,2
Mbogas,2
Mama,2
Joho,2
Secondary,2
Certificate,2
Train,2
One,2
Mwananchi,2
Mungatana,2
Bura,2
Opiyo,2
Kuria,2
Kamau,2
Nyali,2
Assessment,2
Live,2
Valley,2
El,2
Booklet,2
Basic,2
Manual,2
ICU,2
Argesun,2
USAid,2
Download,2
Kangaroo,2
GAIN,2
IGAD,2
UNFSS,2
Iten,2
Awino,2
Mohamud,2
Oguna,2
Aaroncheruiyot,2
Jerusha,2
Momanyi,2
KERRA,2
Motari,2
Jamii,2
JP,2
Washington,2
AD,2
VukaeTiMS,2
KRAeTiMS,2
Smart,2
DL,2
Uyombo,2
Mwea,2
Murango,2
DCP,2
UNSDCF,2
ECD,2
Epuka,2
Nzoia,2
Kemri,2
Zika,2
Deborah,2
Tsavo,2
Karen,2
CBHIS,2
Leishmaniasis,2
Neshoo,2
Leaungokiok,2
Esther,2
Odhiambo,2
Budalangi,2
Olungah,2
Phebians,2
CBROP,2
ADP,2
Moses,2
Mpesa,2
Isaac,2
RUSH,2
KMTC,2
Khwisero,2
CHIS,2
PCR,2
SITREP,2
SITREP-131,2
Kirimangai,2
Gatundu,2
MM,2
Lolmolong,2
Milton,2
Oloo,2
Jomo,2
AKU,2
Catherine,2
Kemuto,2
WASH,2
Hagadera,2
Dagahaleh,2
Folate,2
FNRP,2
TOT,2
BFHI,2
DHS,2
Development,2
NSA,2
ILRI,2
P,2
NIGERIA,2
KALOU,2
OL,2
Olkalou,2
Wetang,2
Gitau,2
Susan,2
IT,2
Chemundu,2
Chewani,2
Kapng,2
Fafi,2
FO,2
SMEA,2
PAD,2
ODI,2
AgREN,2
Kayonza,2
J,2
PBR,2
Borer,2
Pod,2
Guatemala,2
Porro,2
Metkei,2
SNV,2
FOP,2
Naoros,2
BMI,2
FKE,2
Ibrahim,2
Douglas,2
NPW,2
KCRS,2
III,2
IFO,2
REG,2
FPE,2
KIEMS,2
Oloimasani,2
Township,2
Evelyne,2
Wakhungu,2
Hillary,2
Kihiu,2
Push,2
Avenue,2
Smith,2
Growers,2
Mithika,2
KNH,2
MTRH,2
BCG,2
Kahawa,2
Wendani,2
Mbale,2
Lake,2
View,2
Gaturi,2
Msambweni,2
Welter,2
Nyamaiya,2
Nanyokie,2
Purko,2
Kithuki,2
Gate,2
RO,2
DRO,2
Elegeyo,2
Lelan,2
Gertrudes,2
CHV,2
Jifunze,2
Lishe,2
Jali,2
SRH,2
Nyikal,2
Tom,2
Ahmed,2
Okundi,2
Uchafu,2
ACSM,2
Java,2
MaziwaPlus,2
Iron,2
Marak,2
Wet,2
Embakasi,2
Ugenya,2
AROs,2
ROs,2
Daniel,2
Mbolu,2
Musvoka,2
Kicc,2
Wundanyi,2
Kitutu,2
Kasagam,2
IJRISS,2
Methodist,2
GenZ,2
KAA,2
Eastleigh,2
Suna,2
KIPPRA,2
Likoni,2
Judy,2
Kinuthia,2
Elimu,2
Scholarship,2
Adobe,2
Creative,2
TTC,2
TODAY,2
Coast,2
UN,2
SafeCare,1
Project,1
Airport,1
Devolution,1
Lobby,1
FY,1
Unit,1
Anti,1
Water,1
Bill,1
President,1
British,1
US,1
ICDN,1
Hells,1
Policing,1
Information,1
KPLC,1
Usifanye,1
States,1
Assembly,1
Commander,1
Inspector,1
General,1
Cybersecurity,1
Senate,1
Law,1
Violent,1
Prevent,1
Extremism,1
System,1
Ekerenyo,1
Kariobangi,1
UNDFF,1
Hydroponics,1
Miagostovich,1
AkoFresh,1
AMP,1
Kalou,1
Ol,1
Banissa,1
Club,1
Intercontinental,1
Kyoome,1
Juneweenex,1
Canisius,1
Linturi,1
Healthcare,1
Level,1
SITREP-132,1
Farm,1
Chikombero,1
Bajuni,1
Afr,1
Precision,1
SITREP-130,1
NYANDARUA,1
Africana,1
Magarini,1
Ugunja,1
Chwele,1
Nanaam,1
Kisa,1
CHANNEL,1
KBCniYet,1
EM,1
CITIZEN,1
NTVAtOne,1
Kibabii,1
GT,1
MMS,1
Ogawa,1
Kala,1
Passaris,1
Keshas,1
Mosiria,1
Inua,1
KRAKwaGavaMkononi,1
GavaMkononi,1
Mark,1
Recognition,1
Training,1
Feb,1
Statistical,1
Cyberbullying,1
College,1
Trainers,1
Cabinet,1
Class,1
Secretary,1
EAPs,1
Bunge,1
Marek,1
IP,1
CABI,1
NOW,1
Final,1
DoA,1
CIMMYT,1
ZARI,1
Zambia,1
Madaraka,1
ROAD,1
THE,1
ON,1
MALINDI,1
Workspace,1
Day,1
Junior,1
Primary,1
School,1
AmbMKamau,1
Jaza,1
Lungalunga,1
Guimba,1
Keago,1
NAROK,1
Knowledge,1
PlantwisePlus,1
Nyamu,1
Mwaluma,1
MASHUJAA,1
REPUBLIC,1
Pay,1
Schools,1
IDs,1
Two,1
Kisero,1
Tafadhali,1
Mkongani,1
Pleuropneumonia,1
Jiandikishe,1
Leo,1
Tembelea,1
Monitor,1
Report,1
Friday,1
November,1
OCTOBER,1
OF,1
Pilot,1
ACDI,1
VOCA,1
Educational,1
Monkey,1
Pox,1
BUNGOMA,1
Kolongolo,1
Magistrate,1
DISTIN,1
Metropolitan,1
Area,1
Hospital,1
Booths,1
Talk,1
Targeted,1
Educate,1
KFS,1
KeMUSA,1
ORPPKenya,1
House,1
Mwendwa,1
Grow,1
BLOG,1
Setembro,1
Churches,1
Council,1
Tuberculosis,1
Supplies,1
Agency,1
Mt,1
Mother,1
List,1
CHVs,1
Open,1
Symposium,1
ENOUGH,1
DIG,1
JSC,1
Ushahidi,1
Cash,1
Blue,1
MoH,1
Population,1
Summit,1
Centres,1
Cancer,1
Walk,1
Coronavirus,1
Psychosocial,1
Nets,1
NPP,1
ElectionAccess,1
Wanafunzi,1
PayBill,1
Boma,1
Yangu,1
Maafisa,1
Finance,1
Awareness,1
Committee,1
Coordinating,1
Exploring,1
Agri,1
CNAPs,1
Dept,1
State,1
IRA,1
WiFi,1
Twitter,1
City,1
Central,1
Soil,1
Testing,1
Lab,1
Pest,1
Road,1
Box,1
OFFICE,1
Campus,1
HEAD,1
Building,1
Month,1
HI,1
MGHENYI,1
CHARLES,1
Karibu,1
SIM,1
Bovine,1
Brazil,1
Sustainable,1
Forestry,1
Sourcebook,1
Conference,1
Tech,1
Argentina,1
Colombia,1
No,1
SACCOs,1
Alliance,1
Prof,1
Systems,1
Usiache,1
Ponzi,1
EMS,1
Warehouse,1
Forest,1
Drought,1
Emergency,1
Child,1
Helpline,1
Northern,1
Traceability,1
America,1
Latin,1
Identification,1
Housing,1
Programme,1
Food,1
MoU,1
UoN,1
Movies,1
Free,1
Find,1
Device,1
My,1
OTPs,1
Fire,1
Company,1
ReachDCI,1
Reforms,1
Masalani,1
Digest,1
COUNTY,1
DPOs,1
Region,1
Mr,1
Germany,1
CHAIRMAN,1
Cap,1
Hon,1
MP,1
Directory,1
China,1
Ball,1
Pres,1
West,1
Kanangire,1
Polio,1
Nyansiongo,1
Kithuku,1
Hell,1
No-122,1
CXXI,1
Vol,1
CAB,1
Erastus,1
Edung,1
HSC,1
ELOG,1
Of,1
Athletic,1
Bogichora,1
