PSA_Id,Domain,Class,English,Kiswahili,Dholuo
PSA0001,Media,General,"The station’s programs are specifically tailored to align with Luo identity, addressing their preferences and expectations.",,
PSA0002,Media,General,"Ramogi FM has successfully blended Luo culture and values with charismatic personalities, offering a diverse mix that captivates its audience.",,
PSA0003,Media,General,"While its primary target audience is the Luo community, Ramogi FM also appeals to anyone who appreciates and understands Dholuo music, culture, information, and entertainment.",,
PSA0004,Media,General,"The station is a received on the following frequencies Nairobi 107.1FM, Kisumu 107.6 FM, Siaya 98.4 FM, Homabay 97.0FM, Migori 95.4FM and 98.6FM, Mombasa 99.2FM, Nakuru 95.4 FM.",,
PSA0005,Media,General,"It seeks to inform, entertain and educate at the start of every new week day.",,
PSA0006,Media,General,A Ramogi Fm Mid-Morning Program that provides the platform for the general public especially the female...,,
PSA0007,Media,General,Kogalo time is a weekly sports magazine show on soccer giants Gor Mahia.,,
PSA0008,Media,General,"The drive show that is packed with news, reviews, music, sports updates and business news...",,
PSA0009,Media,General,The title loosely translated from the Lingala language means Dance Dance a Youth centric show.,,
PSA0010,Media,General,A captivating Luo cultural program that delves into the intricacies of Luo...,,
PSA0011,Media,General,A marriage counselling program that tackles challenges bedevilling marriages in the world today.,,
PSA0012,Media,General,This is the Station’s omnibus show that runs late night to dawn largely taking a slice of time...,,
PSA0013,Media,General,A prominent Sabbath show that serves as a source of spiritual nourishment every Saturday morning.,,
PSA0014,Media,General,"""Kwe E Ber Budho"" is a Luo phrase that embodies the concept of peaceful coexistence within families, society...",,
PSA0015,Media,General,"An evening talk show that addresses a wide range of issues, delving deep into the heart of each topic.",,
PSA0016,Media,General,An exhilarating music chart show that takes listeners on a captivating journey through the vibrant world of...,,
PSA0017,Media,General,"The Friday Night Hype Show, Pure Musical Hits across the genres.",,
PSA0018,Media,General,A purely weekly gospel inspirational program revolving around praise and worship songs...,,
PSA0019,Media,General,"This is a Kids Show packed with fun, educative and informative pieces.",,
PSA0020,Media,General,This is a weekly talk show that runs from 10:00am to 11am every Saturday.,,
PSA0021,Media,General,"A rich nostalgic show Featuring benga music of yesteryears giving a detailed history of bands, songs...",,
PSA0022,Media,General,This is Ramogi FM’s Saturday Sports and Music Youth Show and the...,,
PSA0023,Media,General,This is an hour’s show that winds up the Sabbath for our seventh day...,,
PSA0024,Media,General,This is an easy and slow musical show that unwinds your Saturday evening interlaced with a few shout outs...,,
PSA0025,Media,General,A relaxed Sunday afternoon Musical Show that Purely gives a dose of nostalgic and therapeutic Rhumba...,,
PSA0026,Media,General,This is a health discussion show where a health expert gives information regarding some common ailments...,,
PSA0027,Media,General,Wapuonjre Dholuo loosely translated as “Let’s learn dholuo language” is...,,
PSA0028,Media,General,This is a pre recorded catholic mix songs to wind down your Sunday after church.,,
PSA0029,Media,General,This is a very entertaining Sunday evening non-stop music show that starts immediately after 7 o’clock...,,
PSA0030,Media,General,"RMS operates multiple television and stations, allowing it to reach audiences across different regions and linguistic communities in Kenya.",,
PSA0031,Media,General,"Citizen TV, in particular, has gained immense popularity and has become one of the most-watched free-to-air TV channels in Kenya.",,
PSA0032,Media,General,"Citizen TV caters to audiences speaking English and Swahili, while Inooro TV targets the Mt.",,
PSA0033,Media,General,It is the fastest growing digital news outlet in Kenya today.,,
PSA0034,Media,General,"Our lineup features a wholesome bouquet of shows available in both national and local languages, ensuring that viewers across Kenya can enjoy content in their mother tongue.",,
PSA0035,Media,General,This commitment to diversity provides an invaluable opportunity for many Kenyans to engage with media that resonates deeply with their cultural identity and community.,,
PSA0036,Media,General,RMS has launched crucial sustainability projects across its media outlets to inform and educate the nation about the great need to protect and conserve the environment.,,
PSA0037,Media,General,"Citizen Planet is one of the RMS Group editorial initiative committed to advancing sustainability, with a primary emphasis on tackling climate change, pollution, and biodiversity.",,
PSA0038,Media,General,"Through this program, RMS aims to heighten awareness and provide public education about the current state of the planet.",,
PSA0039,Media,General,Our goal is to equip the society with the necessary knowledge and resources to safeguard and conserve the planet for the benefit of future generations.,,
PSA0040,Media,General,"As a media house, we are deeply committed to effectively communicating with the public over the long term, aiming to influence behavioural change and create a meaningful impact on society.",,
PSA0041,Media,General,"During our partnership, RMS will strategically allocate substantial resources to editorial efforts, with the goal of raising awareness, inspiring action, and catalyzing positive change in sustainability practices within communities.",,
PSA0042,Media,General,This initiative has not only cultivated brilliant journalists but also nurtured leaders and role models.,,
PSA0043,Media,General,"RMS is excited to expand this program, offering apprenticeship opportunities to graduates and youth across the country, guiding them towards making informed career choices and empowering them to excel in their chosen paths.",,
PSA0044,Media,General,"Communities are at the forefront of innovation, crafting solutions to address emerging societal challenges.",,
PSA0045,Media,General,"From developing strategies to mitigate the impacts of climate change to disseminating valuable information aimed at nurturing a generation of young innovators and creators, these initiatives are driving positive change.",,
PSA0046,Media,General,"Additionally, some communities are focused on building resilience and empowering champions of change, ensuring the continuity of impactful sustainability efforts for future generations.",,
PSA0047,Media,General,We value the voices and perspectives of our audience and actively seek their input.,,
PSA0048,Media,General,"Through surveys, polls, and feedback mechanisms, we foster a sense of community involvement, ensuring that their opinions shape our content and initiatives.",,
PSA0049,Media,General,We organize events and collaborate with partners to create memorable experiences for our audience.,,
PSA0050,Media,Road Safety,"RMS has a large and diverse audience, allowing advertisers to reach a broad base of potential customers.",,
PSA0051,Media,General,"RMS offers channels and platforms that cater to specific demographics and communities, allowing advertisers.",,
PSA0052,Media,General,Advertising on RMS digital platforms taps into the growing online audience in addition to...,,
PSA0053,Media,General,Join our multicultural organization and become part of an inspiring environment that fosters growth and expands possibilities.,,
PSA0054,Media,General,Thousands of young Kenyans are set to benefit from the second phase Nyota Start-Up Capital Programme following its launch today (Friday) by President William Ruto.,,
PSA0055,Media,Fire Safety,"Three firearms, 43 rounds of ammunition voluntarily surrendered in Tana River",,
PSA0056,Media,General,"Global housing crisis threatens SDG 11 as 2030 deadline looms, UN report",,
PSA0057,Media,General,"Bandari Maritime Academy continues to position Kenyan youth for opportunities in the global maritime industry, with growing numbers enrolling for the mandatory Standards of Training, Certification, and Watchkeeping for seafarers (STCW) basic course as they prepare for careers at sea.…",,
PSA0058,Media,General,"MPs probe Ksh.844M JOOUST hostel project as audit queries contract variations, payments",,
PSA0059,Media,General,Kenya must move beyond toxic pesticides dependency to protect public health and food security,,
PSA0060,Media,Fire Safety,Three illegally owned firearms and 43 rounds of ammunition have been voluntarily surrendered by members of the public in Tana River County.,,
PSA0061,Media,General,Information You Can Trust: Stay instantly connected with breaking stories and live updates.,,
PSA0062,Media,General,"From politics and technology to entertainment and beyond, we provide real-time coverage you can rely on, making us your dependable source for 24/7 news.",,
PSA0063,Media,General,"The world is running out of time to deliver on its promise of sustainable cities and communities, a new United Nations report has warned, painting a stark picture of a…",,
PSA0064,Media,General,...demand that land compensation must in kind and not cash; land for land,,
PSA0065,Health,General,Ensuring food safety through rigorous analysis at the,,
PSA0066,Health,Malaria,Malaria vaccination targeting children within Kenya's lake-endemic region,,
PSA0067,Health,General,Healthcare IT Digitization Programme Steering Committee Reviews Progress on UHC Digital Transformation,,
PSA0068,Health,General,Kenya Strengthens Partnership with GE Healthcare to Advance UHC and Digital Health,,
PSA0069,Health,General,PS Mary Muthoni Rallies Health Regulators to Strengthen Coordination and Public Health Oversight,,
PSA0070,Health,General,Kenya and India Deepen Health Partnership to Advance Universal Health Coverage,,
PSA0071,Health,General,RUSH Kenya Rural and Urban Sanitation & Hygiene Monitoring System,,
PSA0072,Health,General,Visit the Kenya Rural and Urban Sanitation & Hygiene Monitoring System Portal,,
PSA0073,Health,General,The State Department plays a crucial role in shaping healthcare in our country.,,
PSA0074,Health,General,"From setting medical services policy to providing curative health services and managing health policy and administration, they are committed to ensuring the well-being of our citizens.",,
PSA0075,Health,General,The State Department is responsible for critical functions related to public health and professional standards.,,
PSA0076,Health,General,"They develop policies on public health and sanitation, ensuring the well-being of our communities.",,
PSA0077,Health,General,"The Kenya Medical Training College (KMTC) is a State Corporation established through an Act of Parliament under the Ministry of Health, entrusted with the role of training various disciplines in the health sector to serve the Kenyan interests, East Africa and beyond.",,
PSA0078,Health,Child Protection,A National Handbook Guide For Integration Of Mental Health Services Into Maternal And Child Health Services For Pregnant Adolescents,,
PSA0079,Health,General,"A Two of Meeting with Parliamentary Committee on Health Addressing Human Resources, Programs and Legal Issues",,
PSA0080,Health,General,AAR Hospital Achieves SafeCare Level 5 Certification as Health CS Duale Reinforces Push for Quality and Patient Safety,,
PSA0081,Health,General,AAR Hospital Launch Marks Progress Towards Accessible Healthcare In Kenya,,
PSA0082,Health,General,Activation of Community Health Program to enhance hygiene in public places.,,
PSA0083,Health,General,"1 Proposed Construction of Level 3A Hospital In Khwisero, Kakamega County, For Ministry Of Health",,
PSA0084,Health,General,"1 Provision of Medical Equipment Service, Repair and Maintenance of Medical Equipment Deployed to Selected Hospitals by the Ministry of Health (MOH)",,
PSA0085,Health,Child Protection,Addressing Child Wasting and Malnutrition Crisis in the Horn of Africa: Kenya's Commitment to Action,,
PSA0086,Health,General,ADMINISTRATIVE FRAMEWORK FOR IMPLEMENTATION OF THE MANDATORY INBOUND TRAVEL HEALTH INSURANCE PROGRAM,,
PSA0087,Health,General,Advancing Healthcare Through Laboratories: Kenya's Path to Universal Health Coverage,,
PSA0088,Health,General,Advancing Implementation of the Electronic Community Health Information System (E-CHIS),,
PSA0089,Health,General,Advocating for Increased Resources to Enhance Preventive and Promotive Health Programs,,
PSA0090,Health,General,UPDATED HEALTH MEASURES TO ENTER VARIOUS COUNTRIES (6th May 2022),,
PSA0091,Health,COVID-19,ADDENDUM – Covid-19 Antigen Rapid Diagnostic Testing Interim Guide – Kenya January 2021,,
PSA0092,Health,COVID-19,A Comprehensive Guide on Mental Health & Psychosocial Support during Covid-19 Pandemic,,
PSA0093,Health,COVID-19,Covid-19 vaccination outreach sites for the ongoing accelerated campaign,,
PSA0094,Health,COVID-19,COVID-19 PCR LABS TRAINED ON TRUSTED TRAVEL AS AT 21.09.2021,,
PSA0095,Health,COVID-19,COVID-19 Outbreak in Kenya Daily Report SITREP- 22-April-2021,,
PSA0096,Health,COVID-19,COVID-19 Outbreak in Kenya Daily report SITREP-132 27-Jul-2020,,
PSA0097,Health,COVID-19,COVID-19 Outbreak in Kenya Daily report SITREP-131 26-Jul-2020,,
PSA0098,Health,COVID-19,COVID-19 Outbreak in Kenya Daily report SITREP-130 25-Jul-2020,,
PSA0099,Health,COVID-19,MINISTRY OF HEALTH KENYA COVID-19 IMMUNIZATION STATUS REPORT 16TH MAY 2022,,
PSA0100,Health,COVID-19,MINISTRY OF HEALTH KENYA COVID-19 IMMUNIZATION STATUS REPORT 15TH MAY 2022,,
PSA0101,Health,COVID-19,MINISTRY OF HEALTH KENYA COVID-19 IMMUNIZATION STATUS REPORT 14TH MAY 2022,,
PSA0102,Health,COVID-19,MINISTRY OF HEALTH KENYA COVID-19 IMMUNIZATION STATUS REPORT 13TH MAY 2022,,
PSA0103,Health,COVID-19,MINISTRY OF HEALTH KENYA COVID-19 IMMUNIZATION STATUS REPORT 12TH MAY 2022,,
PSA0104,Health,COVID-19,MINISTRY OF HEALTH KENYA COVID-19 IMMUNIZATION STATUS REPORT 11TH MAY 2022,,
PSA0105,Civic Education,General,Launch of Pre-Election Disputes Resolution Report for 2022 General Election and Case Digest for 2022 General Election,,
PSA0106,Civic Education,General,Launch of Pre-Election Disputes Resolution Report for 2022 General Election & Case Digest for 2022 General Election,,
PSA0107,Civic Education,General,Path to the Polls : Electoral Integrity Through Justice and Dispute Resolution.,,
PSA0108,Civic Education,General,IEBC Launches Strategic Plan 2024 2029 and Election Operations Plan 2025 2027,,
PSA0109,Civic Education,General,Launch of the Strategic Plan 2024 2029 and Election Operations Plan 2025 2027,,
PSA0110,Civic Education,Voting,RESUMPTION OF CONTINUOUS VOTER REGISTRATION AND COMMENCEMENT OF ENHANCED CONTINUOUS VOTER REGISTRATION,,
PSA0111,Civic Education,General,"NOMINATED CANDIDATES FOR PURPOSES OF THE BY-ELECTIONS FOR MEMBER OF NATIONAL ASSEMBLY FOR OL KALOU CONSTITUENCY, NYANDARUA COUNTY SCHEDULED TO BE HELD ON THURSDAY, 16TH JULY, 2026",,
PSA0112,Civic Education,Voting,"CERTIFYING THAT THE REVISION OF THE REGISTER OF VOTERS HAS BEEN COMPLETED FOR PURPOSES OF THE 14TH JULY, 2026 BY-ELECTIONS",,
PSA0113,Civic Education,General,"DECLARATION OF PERSONS ELECTED IN THE BY-ELECTIONS HELD ON 14TH MAY, 2026",,
PSA0114,Civic Education,General,"Appointment of Returning and Deputy Returning Officers for Purposes of the By-Elections for Member of National Assembly for Olkalou Constituency, Nyandarua County Scheduled to be held on Thursday, 16th July, 2026",,
PSA0115,Civic Education,General,"Tallying Centres for The By-Elections Scheduled to be held on 14th May, 2026",,
PSA0116,Civic Education,General,"Nominated Candidates for Purposes of the By-Elections for Member of National Assembly for Emurua Dikirr Constituency and Members of the County Assemblies for Porro Ward in Samburu West Constituency, Samburu County And Endo Ward in Marakwet East Constituency, Elgeyo Marakwet County Scheduled to be held on Thursday, 14th May, 2026",,
PSA0117,Civic Education,Voting,"Certifying that the Revision of the Register of Voters Has Been Completed for Purposes of the 14th May, 2026 By-Elections",,
PSA0118,Civic Education,General,"By-Election For Member of National Assembly for Ol Kalou Constituency, Nyandarua County Scheduled to be held on Thursday, 16th July, 2026.",,
PSA0119,Civic Education,General,"By-elections for Member of County Assembly for porro Ward in Samburu West Constituency, Samburu County and Endo ward in Marakwet East Constituency Elgeyo/Marakwet county and Member of National Assembly, Emurua Dikirr Constituency, Narok County scheduled to be held on Thursday, 14th May, 2026.",,
PSA0120,Civic Education,General,"3105 - Declaration of Persons Elected in the By-Elections Held on 26th February, 2026",,
PSA0121,Civic Education,General,"Nominated Candidates for Purposes of the By-Elections for Member of National Assembly for Isiolo South Constituency and Members of the County Assemblies for Muminji Ward and Evurore Ward, in Mbeere North Constituency–Embu County and West Kabras Ward in Malava Constituency–Kakamega County Scheduled to be held on Thursday 26th February, 2026",,
PSA0122,Civic Education,Voting,"Certifying that the Revision of the Isiolo South Constituency Register of Voters has been Completed for purposes of the 26th February, 2026 By-Election",,
PSA0123,Civic Education,General,"Polling Stations for the 26th February, 2026 By-Elections for Member of National Assembly for Isiolo South Constituency and Member of County Assembly for Muminji Ward and Evurore Ward, Mbeere North Constituency, Embu County and West Kabras Ward, Malava Constituency, Kakamega County",,
PSA0124,Civic Education,General,"Appointment of Returning and Deputy Returning Officers for Purposes of the By-Elections for Member of National Assembly for Isiolo South Constituency and Member of County Assembly for Muminji Ward and Evurore Ward, Mbeere North Constituency, Embu County and West Kabras Ward, Malava Constituency, Kakamega County, Scheduled to be held on Thursday, 26th February, 2026.",,
PSA0125,Civic Education,General,"Names and Symbols of Independent Candidates for the By–Elections Scheduled to be held on 26th February, 2026",,
PSA0126,Civic Education,General,"By-Elections for Member of National Assembly for Isiolo South Constituency and Member of County Assembly for Muminji Ward and Evurore Ward, Mbeere North Constituency, Embu County and West Kabras Ward, Malava Constituency, Kakamega County Scheduled to be held on Thursday 26th February, 2026.",,
PSA0127,Civic Education,General,"Declaration of persons elected in the by-elections held on the 27th November, 2025",,
PSA0128,Civic Education,General,"Corrigenda - Polling Stations for the 27th November, 2025 By-Elections",,
PSA0129,Civic Education,General,"Tallying Centres for the By-elections Scheduled to be held on 27th November, 2025",,
PSA0130,Civic Education,General,"Declaration of No Contest for members of Tembelio and Metkei Wards in the By –Elections scheduled to be held on 27th November, 2025",,
PSA0131,Civic Education,General,"Directives on Handling Pre-Election Disputes Relating to the By-Elections Scheduled to be Held on 27th November, 2025",,
PSA0132,Civic Education,General,"Names and Symbols of Independent Candidates for the By–Elections Scheduled to be Held on 27th November, 2025",,
PSA0133,Civic Education,Voting,Commencement of Continuous Registration of Citizens as Voters and the Regular Revision of the Voters’ Roll,,
PSA0134,Civic Education,General,"By-Elections For Member of Senate-Baringo County, Members of the National Assembly for Banissa, Kasipul, Magarini, Malava, Mbeere North and Ugunja Constituencies and Member of Kabuchai/Chwele County Assembly Ward in Bungoma County Scheduled to be held on 27th November, 2025",,
PSA0135,Civic Education,General,"Members of County Assemblies: Angata Nanyokie Ward in Samburu County, Chemundu/Kapng’etuny Ward in Nandi County, Chewani Ward in Tana River County, Fafi Ward in Garissa County, Kariobangi North Ward in Nairobi City County, Kisa East Ward in Kakamega County, Metkei Ward in Elgeyo Marakwet County, Mumbuni North Ward in Machakos County, Narok Town Ward in Narok County, Purko Ward in Kajiado County, Tembelio Ward in Uasin Gishu County, Nyansiongo, Nyamaiya, Ekerenyo Wards in Nyamira County, Lake Zone and Nanaam Wards in Turkana County (16).",,
PSA0136,Civic Education,General,"Declaration of Persons Elected as Member Of Senate, Bungoma County and Members Of County Assemblies for Kyoome/Thaana Ward, Kitui County, Oloimasani Ward, Narok County, Mumias North Ward, Kakamega County, South Gem Ward, Siaya County and Utawala Ward, Nairobi City County, Respectively, during the By-elections held on 8th December, 2022",,
PSA0137,Civic Education,General,"Declaration of Persons Elected in the By-elections held on 5th January, 2023",,
PSA0138,Civic Education,General,"Polling Stations for the By--elections Scheduled to be held on 5th January, 2023 for Member of the Senate Elgeyo Marakwet, Member of National Assembly for Garissa Township and Kandara Constituencies, and Member of County Assembly Shella Ward in Lamu County",,
PSA0139,Civic Education,General,"Tallying Centres for the By-­elections Scheduled to be held on 5th January, 2023",,
PSA0140,Civic Education,General,"Corrigenda - Tallying Centre for the By-election scheduled to be held on 8th December, 2022",,
PSA0141,Civic Education,General,"Appointment of County and Constituency Returning Officers for Purposes of the By-elections Scheduled to be held on 5th January, 2023",,
PSA0142,Civic Education,General,"Names and Symbols of Independent Candidates for Purposes of the Parliamentary By–Election of Member of the Senate – Elgeyo Marakwet County and Members of the National Assembly for Kandara and Garissa Township Constituencies Scheduled to be held on 5th January, 2023",,
PSA0143,Civic Education,General,"Tallying Centre for the By-Election Scheduled to be held on 8th December, 2022",,
PSA0144,Civic Education,Voting,"Certifying the Completion of Revision of the Register of Voters for By-Election Scheduled to be held on 8th December, 2022 In Bungoma County, Utawala, Ololmasani, Kyome/Thaana, South Gem and Mumias North Wards in Nairobi City, Narok, Kitui, Siaya and Kakamega Counties Respectively",,
PSA0145,Civic Education,General,"Polling Stations for the By-Election Scheduled to be held on 8th December, 2022 In Bungoma County, Utawala, Ololmasani, Kyome/Thaana, South Gem and Mumias North Wards in Nairobi City, Narok, Kitui, Siaya and Kakamega Counties Respectively",,
PSA0146,Civic Education,General,"By-Elections for Members of National Assembly, Kandara and Garissa Township Constituencies, Member of Senate, Elgeyo Marakwet County and Member for Shella Ward, Lamu County Assembly Scheduled to be held on Thursday, 5th January, 2023",,
PSA0147,Civic Education,General,"Names and Symbols of Independent Candidates for Purposes of the By–Election of Member of the Senate, Bungoma County Scheduled to be held on 8th December, 2022",,
PSA0148,Civic Education,General,"Appointment of County and Constituency Returning Officers for Purposes of the By-elections Scheduled to be held on 8th December, 2022",,
PSA0149,Civic Education,General,"By-Election for Ololmasani, Kyome/Thaana, Utawala, Mumias North and South Gem Wards in Narok, Kitui, Nairobi City, Kakamega and Siaya County Assemblies, Respectively, Scheduled to be held on 8th December, 2022",,
PSA0150,Civic Education,General,"Parliamentary By-election for Member of the Senate, Bungoma County Scheduled to be held on 8th December, 2022",,
PSA0151,Civic Education,General,"Declaration of Persons Elected in the Postponed Elections Held on 29th August, 2022",,
PSA0152,Civic Education,Voting,"Voter Polling Stations for Purposes of the Postponed Elections Scheduled to be Held on 29th August, 2022",,
PSA0153,Civic Education,General,"Appointment of Returning and Deputy Returning Officers for Purposes of the Postponed Election Scheduled to be held on 29th August, 2022",,
PSA0154,Civic Education,General,"Tallying Centres for the Postponed Elections Scheduled to be held on 29th August, 2022",,
PSA0155,Civic Education,General,Appointment of Second Deputy Constituency Returning Officers for the General Election,,
PSA0156,Civic Education,Voting,"Election Result Path, Complimentary Mechanism for Result Transmission and Voting Time for Kenyan Voters Residing Outside the Country for the General Election Scheduled to be held on 9th August, 2022.",,
PSA0157,Civic Education,General,"Names and Symbols of Persons of Independent Candidates Scheduled to Participate in the Commission Nominations for the General Election Scheduled to be held on 9th August, 2022",,
PSA0158,Civic Education,General,"Directives of Handling the Election Result Forms at the Polling Stations for the General Election Scheduled to be held on 9th August, 2022",,
PSA0159,Civic Education,General,"Corrigenda - Polling Stations for the 9th August, 2022 General Election",,
PSA0160,Civic Education,Voting,"Corrigenda - Certifying that the Revision of the Register of Voters has been completed for Purposes of the 9th August, 2022 General Election",,
PSA0161,Civic Education,General,Corrigenda - Appointment of County and Constituency Deputy Constituency Returning Officers for the General Election Scheduled to be held on 9th August 2022,,
PSA0162,Civic Education,General,"Corrigenda - Nominated Candidates for the 9th August, 2022 General Election –",,
PSA0163,Civic Education,General,Appointment of Second Deputy Constituency Returning Officers for the General Election Scheduled to be held on 9th August 2022,,
PSA0164,Civic Education,General,"7996 Polling Stations for the 9th August, 2022 General Election",,
PSA0165,Civic Education,General,"Appointment of County and Constituency Returning Officers for the General Election Scheduled to be held on 9th August, 2022 - Corrigenda",,
PSA0166,Civic Education,Voting,"Certifying that the Revision of the Register of Voters has been Completed for Purposes of the 9th August, 2022 General Election",,
PSA0167,Civic Education,General,"Appointment of County and Constituency Returning Officers for the General Election Scheduled to be held on 9th August, 2022",,
PSA0168,Civic Education,General,"Appointment of Nyeri County Returning Officer for Purposes of Nominating Candidates for the General Election Scheduled to be held on 9th August, 2022",,
PSA0169,Civic Education,General,"General Election scheduled to be held on 9th August, 2022",,
PSA0170,Civic Education,General,Officers for the General Election scheduled to be held on,,
PSA0171,Civic Education,Voting,Suspension of continuous voter registration availability of the register of voters for verification,,
PSA0172,Civic Education,General,Election for the County Woman Member to the National Assembly,,
PSA0173,Civic Education,Voting,The Election (Registration of Voters) Regulations,,
PSA0174,Civic Education,Voting,The Election (Registration of Voters) Regulations Appointment of Registration Officers and Assistant Officers,,
PSA0175,Civic Education,Voting,Corrigenda - The Election (Registration of Voters) Regulations - Registration Centres,,
PSA0176,Civic Education,General,"Appointment of Returning and Deputy Returning Officers for Purposes of the By–election of Member of Mahoo Ward in Taita Taveta County Assembly Scheduled to be held on 16th December, 2021",,
PSA0177,Civic Education,General,"Declaration of Persons Elected as Members of County Assemblies for Kiagu and Mahoo Wards in Meru and Taita Taveta County Assemblies, respectively, during the By-elections held on 16th December, 2021",,
PSA0178,Civic Education,Voting,Certifying the Completion of Revision of the Register of Voters for Member of Mahoo County Assembly Ward in,,
PSA0179,Civic Education,Voting,Voter polling Stations for the Member of Mahoo County assembly Ward in Taita Taveta,,
PSA0180,Civic Education,General,"Nominated Candidates for the By-Election of Member of County Assembly for Mahoo Ward in Taita Taveta County Assembly Scheduled to be held on 16th December, 2021",,
PSA0181,Civic Education,General,"Tallying Centre for the By-Election of Member of County Assembly for Mahoo Ward in Taita Taveta County Assembly Scheduled to be held on 16th December, 2021",,
PSA0182,Civic Education,General,"Date of by-election for Member of the County Assembly for Kiagu Ward- Meru County scheduled to be held on 16th December, 2021.",,
PSA0183,Civic Education,General,"Declaration of the Person Elected as Member of Nguu/Masumba Ward in Makueni County Assembly during the By- election Held on 14th October, 2021.",,
PSA0184,Civic Education,General,"Revocation of the Notice of Contributions and Spending Limits for Political Parties and Candidates for Purposes of the General Election Scheduled to be held on 9th August, 2022",,
PSA0185,Civic Education,General,"By-election for Member of the County Assembly for Mahoo Ward in Taita Taveta County Assembly Scheduled to be held on 16th December, 2021.",,
PSA0186,Civic Education,General,"Declaration of No Contest for Eldas Ward Wajir County Assembly By-election Scheduled to be held on 14th October, 2021",,
PSA0187,Civic Education,Voting,"Certifying that the Revision of the Register of Voters for the By-Elections Scheduled to be held on 14th October, 2021 has been completed",,
PSA0188,Civic Education,Voting,"Voter Polling Stations for the By-elections Scheduled to be held on 14th October, 2021",,
PSA0189,Civic Education,General,"Tallying Centres for the By-Elections Scheduled to the held on 14th October, 2021",,
PSA0190,Civic Education,General,Spending Limits for Political parties and candidates for purposes of General Elections,,
PSA0191,Civic Education,General,"Corrigenda - Appointment of Returning and Deputy Returning Officers for Purposes of the By–elections Of Members of Eldas, Kiagu and Nguu/Masumba Wards of Wajir, Meru and Makueni County Assemblies scheduled to be held on 14th October, 2021",,
PSA0192,Civic Education,General,"Declaration of Persons Elected as Member of the National Assembly for Kiambaa Constituency and Member for Muguga Ward, Kiambu County Assembly during the By-Elections held on 15th July, 2021",,
PSA0193,Civic Education,General,"By-elections for Members of the County Assemblies for Eldas, Kiagu and Nguu/Masumba Wards in Wajir, Meru and Makueni County Assemblies to be held on 14th October, 2021",,
PSA0194,Civic Education,Voting,"Certifying the Completion of Revision of the Register of Voters,",,
PSA0195,Civic Education,General,"Tallying Centres for the By-Election Scheduled to be held on 15th July, 2021",,
PSA0196,Civic Education,General,4598 - The Judgment in the Political Parties Disputes Tribunal at Nairobi Complaint No.,,
PSA0197,Civic Education,General,"Names and Symbols of Persons Intending to Contest as Independent Candidates for the By-election of Member of the National Assembly for Kiambaa Constituency, scheduled on 15th July, 2021",,
PSA0198,Civic Education,General,"4402 - Tallying Centres for the By-Elections Scheduled for Members of the National Assembly for Juja and Bonchari Constituencies and Member of Nyandarua County Assembly Rurii Ward Scheduled to be held on 18th May, 2021",,
PSA0199,Civic Education,Voting,"Notice Certifying the Completion of Revision of the Register of Voters for Members of the National Assembly-Juja and Bonchari Constituencies and Rurii County Assembly Ward for the By-Elections Scheduled to be held on 18th May, 2021",,
PSA0200,Civic Education,General,"8543 - Declaration of Persons Elected as Member of the National Assembly, Baringo South Constituency and County Assembly Members for North Kadem and Bobasi Chache Wards in Migori and Kisii County Assemblies Respectively, during the by–election held on 17th August, 2018",,
PSA0201,Civic Education,General,"11970 - Declaration of Person Elected as Member for Batalu Ward in Wajir County Assembly after the By-Election Held on 18th December, 2019",,
PSA0202,Civic Education,General,"10054 - Declaration of Persons Elected as Members for Ganda, Abakaile, Loiyangalani and Mutonguni Wards in Kilifi, Garissa, Marsabit and Kitui County Assemblies, Respectively, after the by-elections held on 17th October, 2019",,
PSA0203,Civic Education,General,"10913 - Declaration of Persons Elected as Member of the National Assembly, Msambweni Constituency and Members of County Assembly for Kahawa Wendani, Kisumu North, Dabaso, Wundanyi/ Mbale, Gaturi and Lake View Wards in Kiambu, Kisumu, Kilifi, Taita Taveta, Murang’a and Nakuru County Assemblies Respectively During the by– Elections Held on 15th December, 2020.",,
PSA0204,Civic Education,General,"11488 - Declaration of Person Elected as Member of the National Asssembly Kitutu Chache South Constituency and Persons Elected as Members of the County Assemblies; Masalani and Bogichora Wards in Garissa and Nyamira County Assemblies Respectively during the by–Election held on the 7th November, 2017",,
PSA0205,Civic Education,General,"4000 -Parliamentary and County Assembly By-Elections of Member of the National Assembly, Kiambaa Constituency and Member of County Assembly, Muguga Ward, Kiambu County, Respectively, Scheduled to be held on 15th July, 2021",,
PSA0206,Civic Education,General,"3189 - Declaration of No Contest for Garissa Senate By–Election Scheduled To Be Held On 18th May, 2021",,
PSA0207,Civic Education,General,"2750 - Declaration of the Person Elected as Member of the Senate, Machakos County During the By-election held on 18th March, 2021",,
PSA0208,Civic Education,General,"Names and Symbols of Independent Candidates to Participate in the By- Elections for Purposes of the By–elections of Member of the Senate –Garissa County, Members of National Assembly Bonchari and Juja Constituencies and Member of Nyandarua County Assembly for Rurii Ward Scheduled To Be Held On 18th May, 2021.",,
PSA0209,Civic Education,General,"Appointment of Returning and Deputy Returning Officers for Purposes of the By–elections of Member of the Senate, Garissa County and Members of National Assembly Bonchari and Juja Constituencies and Member of Nyandarua County Assembly for Rurii Ward Scheduled To Be Held On 18th May, 2021.",,
PSA0210,Civic Education,General,"Declaration of Persons Elected as MNA for Matungu and Kabuchai Constituencies and MCA for Huruma Ward, Hells Gate Ward, London Ward, Kiamokama Ward and Kitise/Kithuki Ward During the By-Elections held on 4th March, 2021",,
PSA0211,Civic Education,General,"Tallying Centres for The Member of Senate, Machakos County By-Election",,
PSA0212,Civic Education,General,"By-Elections for Member of the Senate, Garissa County, Members of the National Ssembly, Bonchari and Juja Constituencies and Member of Rurii Ward, Nyandarua County Assembly Scheduled to be held on 18th May, 2021",,
PSA0213,Civic Education,General,"Nominated Candidates & Tallying Centres for the 4th March, 2021 By-elections",,
PSA0214,Civic Education,Voting,"Nominated Candidates, Tallying Centres and Voter Polling Stations for the Member of Parliament for Machakos Senate By-Election",,
PSA0215,Civic Education,General,"Gazette Notice No:238 -Notice of By-Election for Member of the Senate ,Machakos County Scheduled to be Held on 23rd March, 2021",,
PSA0216,Civic Education,General,"Gazette Notice No.:10914 - Notice of By-Election for County Governor, Nairobi City County Scheduled to be Held on 18th February, 2021",,
PSA0217,Civic Education,General,"Parliamentary By-Election for Member of the National Assembly, Kabuchai Constituency Scheduled to be Held On 4th March, 2021",,
PSA0218,Civic Education,General,Appointment of Returning and Deputy Returning Officers for purposes of the by–elections,,
PSA0219,Civic Education,General,10689 - Matungu Constituency and MCA By-elections Scheduled 4th March 2021,,
PSA0220,Civic Education,General,"By-Elections for Member of the National Assembly for Matungu Constituency and Members Of County Assembly for Huruma Ward in Uasin Gishu County, Hell’s Gate Ward in Nakuru County, London Ward in Nakuru County, Kiamokama Ward in Kisii County and Kitise/Kithuku Ward in Makueni County Scheduled To Be Held on 4th March, 2021",,
PSA0221,Civic Education,Voting,"Gazette Notice - Voter Polling Stations for the By-Elections Scheduled to be held on 15th December, 2020",,
PSA0222,Civic Education,General,"Gazette Notice - Names and Symbols for Independent Candidates - Corrigenda to the Schedule, Tallying Centres for the By-Elections and Nominated Candidates for the By-Elections Scheduled to be Held on 15th December, 2020",,
PSA0223,Civic Education,General,"Gazette Notice Publishing Party Primary Aspirants and Independent Candidates for the 15 December, 2020 By-elections",,
PSA0224,Civic Education,General,"Gazette Notice- Returning Officers and Addendum to the 15th December, 2020 By-Elections",,
PSA0225,Civic Education,General,"Gazette Notice Publishing Date for Upcoming By-Elections and Certification of the Register as at 31st December, 2019",,
PSA0226,Civic Education,General,"914- Corrigenda Nominated Members to the county Assembly of Taita Taveta, Gazette Notice No.",,
PSA0227,Civic Education,General,"915- By- Election for Dabaso County Assembly Ward Member- Kilifi County - 29th April, 2020, Gazette Notice No.",,
PSA0228,Civic Education,General,"916- Re-allocation of special seats Nominated members Nyandarua, Kilifi and Homabay, Gazette Notice No.",,
PSA0229,Civic Education,General,"917- Appointment Returning Officers for the by-election in Dabaso – 29th April, 2020",,
PSA0230,Civic Education,General,Appointment of RO and DRO for the purpose of the by-election for Batalu CAW,,
PSA0231,Civic Education,Voting,"Voter Polling Stations for the Member of National Assembly Kibra Constituency, by-Election scheduled to be held on 7th November, 2019",,
PSA0232,Civic Education,Voting,"Gazette Notices: Certifying that the revision of the register of voters has been completed for purposes of the by-election for Kibra constituency scheduled to be held on 7th November, 2019",,
PSA0233,Civic Education,General,"Gazette Notice for Batalu CAW By-election, Nominated Candidates for the Kibra MNA By-election and Tallying Centre for Kibra MNA By-election",,
PSA0234,Civic Education,General,"Gazette Vol CXXI-No-122 Corrigenda-Nominated Candidates for the By-Elections Scheduled to be held on 17th October, 2019",,
PSA0235,Civic Education,General,"Appointment of Returning and Deputy Returning Officers for purposes of the by-election for Member of the National Assembly for Kibra Constituency scheduled to be held on 7th November, 2019",,
PSA0236,Civic Education,General,"Names and symbols of independent candidates to participate in the by-elections for county assembly members for Abakaile (Garissa County), Loiyangalani (Marsabit County), Ganda (Kilifi County) and Mutonguni (Kitui County) county assemblies respectively scheduled to be held on 17th october, 2019",,
PSA0237,Civic Education,General,"Notice of by-election for Member of the National Assembly for Kibra Constituency scheduled to be held on 7th November, 2019",,
PSA0238,Civic Education,General,"Gazette Notice for Abakaile (Garissa County), Loiyangalani (Marsabit County), Ganda (Kilifi County) and Mutonguni (Kitui County) By-election to be held on 17th October, 2019",,
PSA0239,Civic Education,General,Notice of by-election for Member of National Assembly for Wajir West Constituency scheduled to be held April 25th 2019.,,
PSA0240,Civic Education,General,"Notice of By-Elections for Members of the National Assembly for Embakasi South and Ugenya Constituencies and County Assembly Ward Member for Lelan Ward, Elegeyo Marak Wet County Assembly Scheduled To Be Held On 5th April, 2019",,
PSA0241,Civic Education,General,"List of Nomination Candidates Baringo South, North Kadem and Bobasi By-elections",,
PSA0242,Civic Education,General,Gazette Notice - Notice of Parliamentary By-Election for Member of National Assembly - Kitui West Constituency scheduled to be held on 26th March 2018,,
PSA0243,Civic Education,General,"Notice of General Election for Presidential, Parliamentary, County Governor and County Assemblies",,
PSA0244,Civic Education,Voting,"26–27–2–2017 Special IEBC Suspension of Voter Registration, Centers for Prisons Diaspora, ROs, AROs for Prisons and Diaspora",,
PSA0245,Civic Education,General,"Erastus Edung Ethekon, HSC The Chairperson of the Independent Electoral and Boundaries Commission (IEBC) On Election Management and Preparedness for the 2027 General Election",,
PSA0246,Civic Education,General,The Inaugural Speech of the IEBC Chairperson during the Swearing-In Ceremony of IEBC Chairperson and Members of the Commission held on 11th July 2025 at the Supreme Court of Kenya,,
PSA0247,Civic Education,General,Chairman’s Remarks during the Launch of the 2022 Post Election Evaluation Report held at the Safari Park Hotel on Monday 16th January 2023,,
PSA0248,Civic Education,General,"Daniel Mbolu Musvoka, a Senior Election Officer and Constituency Returning Officer of the IEBC which occurred around 15th August 2022",,
PSA0249,Civic Education,General,"Speech by the Chief Justice and President of the Supreme Court of Kenya During the National Elections Conference 2022, Kicc, 11th July 2022",,
PSA0250,Civic Education,General,"Chairman’s Keynote Address during the National Election Conference 2022, held on the 11th And 12th July 2022 at the Kenyatta National Conference Centre",,
PSA0251,Civic Education,General,Chairman’s Remarks on Election Preparedness at Bomas of Kenya on May 30th 2022,,
PSA0252,Civic Education,General,"Presentation during National Conference on the state of Electoral Preparedness for the 2022 General Elections (GE) in Kenya- Forum Organised By ELOG From 16th -17 Dec.,2021 - Bomas Of Kenya",,
PSA0253,Civic Education,Voting,Wafula Chebukati during the Official National Launch of the Enhanced Continuous Voter Registration Exercise held at Nakuru Athletic Club on Monday October 4th 2021,,
PSA0254,Civic Education,General,During the Launch of the Post-Election Evaluation Report on the 12th of February 2019 at the KICC,,
PSA0255,Civic Education,General,"During the Launch of the Post-Election Evaluation Report on Tuesday, 12th February 2019 at the KICC",,
PSA0256,Civic Education,General,IEBC Chairman Remarks during the Development Partners Post Election Evaluation Forum,,
PSA0257,Civic Education,General,CHAIRMAN'S TALKING POINTS IN RESPECT OF THE DECLARATION OF THE FRESH PRESIDENTIAL ELECTION RESULTS,,
PSA0258,Civic Education,General,"Remarks by the Chairman IEBC during the Launch of Election Reporting Guidelines for Journalists on Tuesday, 7th March 2017 at Intercontinental Hotel",,
PSA0259,Civic Education,General,I am greatly humbled today as I accept the position of the Chairperson of the Independent Electoral and Boundaries Commission (IEBC).,,
PSA0260,Civic Education,General,"This acceptance is tempered with gratitude and humility because it is indeed an honour and privilege to be vetted, nominated and appointed to lead this great institution.",,
PSA0261,Civic Education,General,Pre-Election Dispute Report for 2022 General Election,,
PSA0262,Civic Education,General,"List of unsuccessful bidders for Tender No.lEBC/REG/01/2021-2022 for Registration of Suppliers for Provision of Goods, Services and Works for the period ending June 30th 2024",,
PSA0263,Civic Education,General,"Post Election Evaluation Report for the 9th August, 2022 General Election",,
PSA0264,Civic Education,General,Political Parties Certified as Compliant by the Commission for the 2022 General Elections Pursuant to Section 27 of the Elections Act,,
PSA0265,Civic Education,General,Analysis and Recommendation by IEBC on the Building Bridges to Unity Advisory Taskforce (BBI) Report,,
PSA0266,Civic Education,General,"Post Election Evaluation Report for the 8th, August 2017 General Election and 26th, October, 2017 Fresh Presidential Elections",,
PSA0267,Civic Education,General,Accreditation of Observers for the Migori County and Central Sakwa County Assembly Ward By-elections,,
PSA0268,Civic Education,General,"The Independent Electoral and Boundaries Commission (IEBC), is in the process of accrediting short-term observers for the Migori County Senatorial and Central Sakwa Ward (Siaya County) By-elections to be held on 8th October, 2018.",,
PSA0269,Civic Education,General,KIEMS Report Logs by Polling Station for 26th October 2017 - FPE,,
PSA0270,Civic Education,General,Status Updates on Election Preparednesss June 9th - IEBC Chairman Statement,,
PSA0271,Civic Education,General,"General Election under the Constitution of Kenya, 2010 on 4th March 2013.",,
PSA0272,Disability,General,"While Kenya has made remarkable progress in reducing new HIV infections and AIDS-related deaths, we must remain focused on the populations we are leaving behind.",,
PSA0273,Disability,Child Protection,"Progress is not success until every child, every adolescent, every young person and every vulnerable Kenyan has access to the services they need.""",,
PSA0274,Disability,General,"""The resilience demonstrated by counties during the funding disruptions proved that Kenya's HIV response is not built on donor support alone, it is anchored in committed healthcare workers, empowered communities, and strong county leadership.",,
PSA0275,Disability,General,"""The launch of the 47 County Syndemic Operational Plans marks a defining moment in Kenya's health journey.",,
PSA0276,Disability,General,"These plans move us from commitment to action and place counties firmly at the centre of ending AIDS and other syndemic diseases as public health threats by 2030.""",,
PSA0277,Disability,General,Health Committee Explores Sustainable Solutions for Kenya’s HIV and Syndemic Disease Response,,
PSA0278,Disability,General,"The National Syndemic Diseases Control Council (NSDCC) is a State Corporation established under Section 3 of the State Corporations Act, Cap 446, through the National AIDS Control Council Order, 1999 as amended by legal notice number 143 of 2022.",,
PSA0279,Disability,Malaria,"The Council is mandated to manage the following syndemic diseases; HIV, sexually transmitted infections, malaria, leprosy, tuberculosis and lung disease.",,
PSA0280,Disability,General,> Health Committee Explores Sustainable Solutions for Kenya’s HIV and Syndemic Disease Response,,
PSA0281,Disability,General,The National Assembly Departmental Committee on Health chaired by Hon.,,
PSA0282,Disability,General,"The National Syndemic Diseases Control Council (NSDCC), in collaboration with [...]",,
PSA0283,Disability,General,"As part of ongoing efforts to address new HIV infections, [...]",,
PSA0284,Disability,General,"The National Syndemic Diseases Control Council (NSDCC) Board, led by [...]",,
PSA0285,Disability,General,The National Syndemic Diseases Control Council (NSDCC) joined other public [...],,
PSA0286,Disability,General,The National Syndemic Diseases Control Council (NSDCC) Board of [...],,
PSA0287,Disability,General,The role of journalism in advancing Kenya's response to [...],,
PSA0288,Disability,General,The National Syndemic Diseases Control Council (NSDCC) joined Nyeri Town [...],,
PSA0289,Disability,General,"Media plays a crucial role in shaping positive health outcomes, contributing significantly to Kenya’s success in combating HIV and AIDS.",,
PSA0290,Disability,General,Strategic and continuous media engagement has driven structured conversations on these critical issues.,,
PSA0291,Disability,General,"Interactive forums, featuring diverse panels of experts, are moderated to address audience questions.",,
PSA0292,Disability,COVID-19,"This comprehensive approach aims to maximize outreach, fostering ongoing discussions on HIV prevention, and treatment, as well as addressing issues like sexual and gender-based violence, teen pregnancies, and COVID-19.",,
PSA0293,Disability,General,Engaging boys and men in the HIV response and promoting gender equality in Kenya is crucial for sustainable health outcomes and addressing gender disparities.,,
PSA0294,Disability,Gender-Based Violence,"End New HIV infections, Adolescents Pregnancies and Sexual and Gender-Based Violence",,
PSA0295,Disability,General,"G-Jali is a comprehensive digital platform aimed at addressing the critical issues of HIV, Sexual and Reproductive Health (SRH), and other emerging health concerns among adolescents and young people in Kenya.",,
PSA0296,Disability,General,Health Committee Explores Sustainable Solutions for Kenya’s HIV and Syndemic Disease Response – National Syndemic Diseases Control Council,,
PSA0297,Disability,General,"(Dr.) James Nyikal, MP, visited the National Syndemic Diseases Control Council (NSDCC) for a briefing on Kenya’s coordinated response to HIV and other syndemic diseases.",,
PSA0298,Disability,General,"Ahmed Ibrahim, Board Member Tom Okundi, Chief Executive Officer Douglas O.",,
PSA0299,Disability,General,"Further, the Members of Parliament reviewed progress in the national response and discussed strategies for strengthening domestic resource mobilization, integrating HIV, tuberculosis, viral hepatitis, mental health, substance use disorders and non-communicable diseases, and advancing the legislative, policy and budgetary measures needed to sustain the response amid declining external funding.",,
PSA0300,Disability,General,The engagement reaffirmed the critical role of parliamentary oversight and collaboration in sustaining the gains made in Kenya’s HIV response and accelerating progress towards ending HIV and other syndemic diseases as public health threats by 2030.,,
PSA0301,Drug Abuse Prevention,Drug Abuse,Loving a Drug User or Alcoholic.,,
PSA0302,Drug Abuse Prevention,Drug Abuse,For a Nation free from Alcohol and Drug abuse.,,
PSA0303,Drug Abuse Prevention,Drug Abuse,Launch of the Wastewater Analysis to Assess Emerging New Psychoactive Substances and Illicit Drug Use in Kenya,,
PSA0304,Drug Abuse Prevention,General,Call to Apply for Universal Prevention Curriculum Core Course,,
PSA0305,Drug Abuse Prevention,Drug Abuse,Launch of the 2026 National Senior School Essay Writing Competition on Alcohol and Drug Use Prevention,,
PSA0306,Drug Abuse Prevention,Drug Abuse,Uasin-Gishu County Government Alcohol And Drugs Treatment And Rehabilitation Centre,,
PSA0307,Drug Abuse Prevention,General,"Stephen Mairori, EBS, NACADA Board Chair at the Launch of the Wastewater Analysis report",,
PSA0308,Drug Abuse Prevention,Drug Abuse,News & Events | NACADA -National Authority for the Campaign Against Alcohol and Drug Abuse,,
PSA0309,Drug Abuse Prevention,Drug Abuse,NACADA launched a report on Wastewater Analysis to Assess Emerging New Psychoactive Substances and Illicit Drug Use i,,
PSA0310,Drug Abuse Prevention,Drug Abuse,The National Authority for the Campaign against Alcohol and Drug Abuse (NACADA) is organizing an essay competition fo,,
PSA0311,Drug Abuse Prevention,Drug Abuse,The National Substance use Prevention Week (NPW) annual Prevention summit is the nation’s leading drug demand reducti,,
PSA0312,Drug Abuse Prevention,Drug Abuse,National Authority for the Campaign Against Alcohol and Drug Abuse (NACADA) invites eligible and interested,,
PSA0313,Drug Abuse Prevention,Drug Abuse,Publications | NACADA -National Authority for the Campaign Against Alcohol and Drug Abuse,,
PSA0314,Drug Abuse Prevention,Drug Abuse,"National Policy for the Prevention, Management & Control of Alcohol, Drugs & Substance Abuse.",,
PSA0315,Drug Abuse Prevention,Drug Abuse,Digital Deception: When Social Media Becomes a Drug Pipeline | NACADA -National Authority for the Campaign Against Alcohol and Drug Abuse,,
PSA0316,Disaster Management,General,"Severe drought continues to affect Kenya’s Arid and Semi-Arid Lands (ASAL), leaving more than 2.12 million people facing acute food insecurity.",,
PSA0317,Disaster Management,Child Protection,"Malnutrition rates are rising, particularly among children under five and pregnant and lactating women.",,
PSA0318,Disaster Management,Flood Safety,"Flooding across Kenya continues to take a devastating toll, Kenya Red Cross Society is tracking the impacts of flooding across 39 counties as of May 2026.",,
PSA0319,Disaster Management,General,Response teams have been mobilized on the ground to reach the most affected communities.,,
PSA0320,Disaster Management,General,Over 26 million early warning SMS alerts have been dispatched to at-risk communities across the country.,,
PSA0321,Disaster Management,General,"Currently, over 60,000 households have been affected across the country and more than 12,700 have been displaced.",,
PSA0322,Disaster Management,General,"The department provides immediate relief to affected populations to save lives, protect livelihoods, and strengthen recovery from disasters and crises",,
PSA0323,Disaster Management,General,"The health department embraces the integration approach to ensure affordable, accessible and equitable community-based health care.",,
PSA0324,Disaster Management,General,"Organizational Development focuses on the capacity of KRCS to adequetely perform its mandate, this includes branches and volunteers.",,
PSA0325,Disaster Management,General,Kenya Red Cross has special programmes that cater for special needs of vunerable communities accross the country.,,
PSA0326,Disaster Management,General,A member is one who has duly paid the stipulated KRCS membership fees.,,
PSA0327,Disaster Management,Flood Safety,How Tana River Communities Take Action: Preparing Early for Droughts and Floods,,
PSA0328,Disaster Management,General,We are auxiliary to the National and County Governments and work to alleviate human suffering and preserve life and human dignity.,,
PSA0329,Disaster Management,General,"The Health and Social Services (HSS) department embraces the integration approach to ensure affordable, accessible and equitable community-based health care.",,
PSA0330,Disaster Management,General,"The interventions are anchored to the KCRS 2016-2020 strategic plan, the National Health Sector Strategy III, Vision 2030(the social pillar) and Sustainable Development Goals.",,
PSA0331,Disaster Management,General,"The Health, Nutrition, and Social Services (HSS) Department Focuses on primary health…",,
PSA0332,Disaster Management,General,"The Health, Nutrition, and Social Services (HSS) Department Focuses on primary health care; the most efficient and cost-effective way to achieve universal health coverage through a gender-responsive, protective, and inclusive lens.",,
PSA0333,Disaster Management,General,Primary Health Care for Refugees and Host communities; running health facilities for primary health care services with minimal secondary services in Kalobeyei (part of larger Kakuma) and IFO (Dadaab).,,
PSA0334,Disaster Management,General,The society has been a champion of One Health and supported capacity at the community level but also enhanced collaboration with counties monitored through a community-based health information system (CBHIS).,,
PSA0335,Disaster Management,Cholera,"Within the organisation's national preparedness plan, KRCS has effectively responded to human and animal disease outbreaks including Cholera, Rift Valley Fever, Yellow Fever, and Kala-azar (Leishmaniasis).",,
PSA0336,Disaster Management,General,We understand the importance of approaching each work integrally and believe in the power of simple..,,
PSA0337,Disaster Management,General,"Increase social reach and productivity with our App Directory, a collection of famous applications.",,
PSA0338,Disaster Management,General,"Don’t worry about any thing, our security experts will install your new system, activate it.",,
PSA0339,Disaster Management,General,Rounding up a bunch of specific designs & talking about the merits of each is perfect way.,,
PSA0340,Disaster Management,General,Helping families live intelligently means we’re always working to bring our customers the latest technology.,,
PSA0341,Disaster Management,COVID-19,Annual Report 2020 – Responding to the Covid -19 Pandemic,,
PSA0342,Health,Cholera,Disease outbreak - Cholera - Kenya - 11 December 2017,,
PSA0343,Health,Cholera,Disease outbreak - Cholera - Kenya - 21 July 2017,,
PSA0344,Health,General,WHO and Kenya hand over theatre beds and cancer equipment to strengthen maternal and women's health services,,
PSA0345,Health,General,WHO and Kenya hand over theatre beds and cancer equipment to strengthen maternal and women's health...,,
PSA0346,Health,General,Mobile health services in Kenya reduce the risk of stillbirths,,
PSA0347,Health,General,Kenya is a lower-middle-income country with an estimated population of over 54 million people.,,
PSA0348,Health,General,"The country operates a devolved health system across 47 counties, with the national government responsible for health policy and county governments managing service delivery.",,
PSA0349,Health,General,"Kenya has made significant strides in improving health outcomes over the past two decades, though substantial challenges remain in achieving Universal Health Coverage (UHC) and addressing persistent health inequities between regions and populations.",,
PSA0350,Health,General,"WHO Kenya works through three strategic clusters; (1) Health Promotion, Disease Prevention and Control, (2) Health Emergencies, and (3) Health Systems and Services, to support the Government of Kenya in building resilient health systems and advancing toward UHC.",,
PSA0351,Health,Road Safety,Kenya broadens sexual and reproductive health services for hard-to-reach communities,,
PSA0352,Health,General,WHO and Kenya hand over theatre beds and cancer equipment to strengthen maternal and...,,
PSA0353,Health,General,"Kenya's Ministry of Health and the World Health Organization (WHO) handed over 108 electric obstetric theatre beds and a package of women's cancer screening and management equipment at Kenyatta National Hospital on 9 June 2026, in a move intended to strengthen the country's capacity to manage obstetric emergencies and expand access to cervical and breast cancer services.",,
PSA0354,Health,General,"In Lolmolong village, in Samburu County in northern Kenya, Neshoo Leaungokiok laboured through the night, far from the nearest health facility.",,
PSA0355,Health,Child Protection,"In this remote part of Kenya, long distances, difficult terrain and insecurity continue to limit access to skilled care during childbirth, placing mothers and newborns at significant risk.",,
PSA0356,Health,General,"In the farmlands of easter and western Kenya, tobacco farmers are gathering for meetings to discuss a different way forward.",,
PSA0357,Health,General,"Fifty-year-old Milton Oloo has worked as a cargo loading agent at Jomo Kenyatta International Airport in Nairobi, Kenya for the last 30 years.",,
PSA0358,Health,General,"Although he handles several tonnes of cargo daily, every now and again a memorable load comes his way.",,
PSA0359,Health,General,"It was the case with the shipment of cargo from World Health Organization (WHO)’s Emergency Preparedness and Response hub in Nairobi, Kenya, on 20 May 2026.",,
PSA0360,Health,General,The Elders laud WHO public health emergency response efforts,,
PSA0361,Health,General,"Countries in the African region faced more than 140 health emergencies in 2025, ranging from infectious disease outbreaks to climate-related shocks and humanitarian crises.",,
PSA0362,Health,General,"World Health Organization (WHO)’s regional Emergency Preparedness and Response Hub in Nairobi, Kenya, plays a critical role in preparing for and responding to these health emergencies, providing operational support and logistics, storing and distributing medical supplies and equipment, and facilitating rapid response.",,
PSA0363,Health,General,Strengthening clinical care for high-consequence infectious diseases in East Africa,,
PSA0364,Health,General,"Nairobi - Following successive Ebola and Marburg outbreaks across East Africa, countries are shifting how preparedness is defined, placing greater emphasis on the quality of clinical care delivered to patients.",,
PSA0365,Health,General,WHO and Aga Khan University partnership to strengthen women's cancer services in Afr...,,
PSA0366,Health,General,"The World Health Organization (WHO) and Aga Khan University-Kenya (AKU) today launched a new partnership to accelerate the fight against breast and cervical cancer, the two leading cancers claiming women's lives in Africa.",,
PSA0367,Health,General,Welcome to Nairobi - let’s build together at World Health Summit Regional Meeting 20...,,
PSA0368,Health,General,"World Health Organization (WHO) is poised to be a significant presence at the upcoming World Health Summit (WHS) Regional Meeting 2026 in Nairobi, Kenya.",,
PSA0369,Health,General,"For the first time at either a global or regional level, WHO is co-organizing a meeting with the World Health Summit.",,
PSA0370,Health,General,"This initiative has been spearheaded by WHO in the African region and is the result of an innovative partnership with WHS and Aga Khan University, Kenya.",,
PSA0371,Health,Flood Safety,How Kenya's health system is responding to devastating floods,,
PSA0372,Health,Flood Safety,Catherine Kemuto had no warning when the floodwaters came.,,
PSA0373,Health,Child Protection,"A week of displacement left her children ill, and access to safe water remained a struggle long after the floods receded.",,
PSA0374,Health,General,Kenya launches 5-year health security plan to strengthen health emergency readiness,,
PSA0375,Health,General,"Nairobi- Kenya has launched its Second National Action Plan for Health Security 2026–2030, marking a significant step toward strengthening the country’s ability to prevent, detect, and respond to public health threats.",,
PSA0376,Health,Cholera,Disease outbreak - Cholera - Kenya - 11 December 2017 | WHO | Regional Office for Africa,,
PSA0377,Health,Cholera,Disease outbreak - Cholera - Kenya - 11 December 2017...,,
PSA0378,Health,General,"From 1 January though 29 November 2017, a total of 3967 laboratory-confirmed and probable cases including 76 deaths (case fatality rate = 1.9%) were reported by the Ministry of Health to WHO.",,
PSA0379,Health,General,"Of the cases reported, 596 were laboratory confirmed.",,
PSA0380,Health,General,Figure 1: Number of confirmed and probable cases in Kenya reported by week of illness onset from 1 January through 25 November 2017,,
PSA0381,Health,General,"From 1 January 2017 through 29 November, 20 of 47 counties (43%) in Kenya have reported cases.",,
PSA0382,Health,Cholera,"As of 29 November, seven counties continue to have active cholera outbreaks (Embu, Garissa, Kirinyaga, Mombasa, Nairobi, Turkana, and Wajir).",,
PSA0383,Health,Cholera,The epidemiology of cholera for Kenya in 2017 is characterized by continuous transmission in affected communities coupled with outbreaks in camp settings and institutions or during mass gathering events.,,
PSA0384,Health,General,"Continuous transmission in the community accounts for around 70% of the total cases with the majority of cases coming from the capital county, Nairobi.",,
PSA0385,Health,General,"Transmission in camp settings occurred mainly within Garissa and Turkana counties, accounting for around 23% of the total reported cases.",,
PSA0386,Health,General,"Both counties host big refugee camps, namely Dadaab and Kakuma refugee camps.",,
PSA0387,Health,Cholera,Refugees in these camps come from countries currently experiencing complex emergencies and large cholera outbreaks.,,
PSA0388,Health,General,"Seven percent of cases occurred in institutions and mass gathering events, where a number of people get infected from a point source.",,
PSA0389,Health,Cholera,"The country experiences cholera outbreaks every year; however, large cyclical epidemics occur approximately every five to seven years and last for two to three years.",,
PSA0390,Health,General,The country has activated the national task force to coordinate the outbreak response activities.,,
PSA0391,Health,General,"Since January 2017, WHO and other partners have been providing technical support to the country to control of the outbreak.",,
PSA0392,Health,General,"Following the development of the national response plan, WHO and other partners supported the country to scale-up the outbreak response activities such as surveillance, case management, and social mobilization.",,
PSA0393,Health,Hygiene,"This was also coupled with the improvement of food hygiene standards and promotion of safe food handling, besides scaling-up Water, Sanitation, and Hygiene (WASH) related activities.",,
PSA0394,Health,Cholera,This resulted in a decline in the number of cholera cases.,,
PSA0395,Health,General,"Despite the decline in the number of cases reported, the outbreak appears to be clustered around two major types of settings.",,
PSA0396,Health,General,"First, the refugee camps particularly Kakuma and Dadaab, and second in the populous Nairobi capital county.",,
PSA0397,Health,General,This could enable the spread of the outbreak to other districts.,,
PSA0398,Health,General,"Also, previous outbreaks have shown that cases increase during the rainy season, which has started recently.",,
PSA0399,Health,Cholera,"In addition, various physical, social, political, and environmental factors increase the vulnerability and the susceptibility of the country’s population to the cholera outbreaks.",,
PSA0400,Health,General,"These include regional drought, conflict, and insecurity in the Horn of Africa, and the increased movement within and to the country by people fleeing conflicts in Somalia and South Sudan.",,
PSA0401,Health,General,"Overall, the risk of the current outbreak is assessed as high at the national level and low at the regional and global levels.",,
PSA0402,Health,Cholera,WHO recommends proper and timely case management in cholera treatment centres.,,
PSA0403,Health,General,"The affected communities should have improved access to water, effective sanitation, proper waste management, and enhanced hygiene and food safety practices.",,
PSA0404,Health,General,Key public health communication messages should be provided.,,
PSA0405,Health,General,WHO encourages travellers to the affected area to take proper hygiene precautions to prevent potential exposure.,,
PSA0406,Health,General,WHO does not recommend any restriction on travel and trade to Kenya based on the information available on the current outbreak.,,
PSA0407,Health,Cholera,Disease outbreak - Cholera - Kenya - 21 July 2017 | WHO | Regional Office for Africa,,
PSA0408,Health,Cholera,"Since the beginning of 2017, Kenya is experiencing an upsurge of cholera cases.",,
PSA0409,Health,Cholera,The first cholera outbreak reported in 2017 was in Tana River County.,,
PSA0410,Health,General,The outbreak started on 10 October 2016 and was controlled by April 2017.,,
PSA0411,Health,Cholera,"A second wave of cholera outbreaks started in Garissa County on 2 April 2017 and was reported later in nine other counties including Nairobi, Murang’a, Vihiga, Mombasa, Turkana, Kericho, Nakuru, Kiambu, and Narok.",,
PSA0412,Health,General,The outbreak is being reported in the general population and in refugee camps.,,
PSA0413,Health,General,"In Garissa County, the outbreak is affecting mainly Dadaab refugee camps and cases and deaths are being reported from Hagadera, Dagahaleh, and IFO2 camps.",,
PSA0414,Health,General,"In Turkana county, the disease is also affecting Kakuma and Kalobeyei refugee camps.",,
PSA0415,Health,Cholera,"In addition to the outbreak reported in the general population, there have been two point source cholera outbreaks in Nairobi County.",,
PSA0416,Health,General,One occurred among participants attending a conference in a Nairobi hotel on 22 June 2017.,,
PSA0417,Health,General,A total of 146 patients associated with this outbreak have been treated in different hospitals in Nairobi.,,
PSA0418,Health,General,A second outbreak occurred at the China Trade Fair held at the KICC Tsavo Ball between 10 and 12 July 2017.,,
PSA0419,Health,General,A total of 136 cases were reported and one death.,,
PSA0420,Health,General,"Currently, the outbreak is active in two counties, namely Garissa and Nairobi.",,
PSA0421,Health,General,"As of 17 July 2017, a total of 1216 suspected cases including 14 deaths (case fatality rate: 1.2%) have been reported since 1 January 2017.",,
PSA0422,Health,General,"In the week ending 16 July 2017, a total of 38 cases with no deaths were reported.",,
PSA0423,Health,Cholera,A total of 124 cases tested positive for Vibrio cholerae in the reference laboratory.,,
PSA0424,Health,Cholera,"In the week ending 25 June 2017, 18 samples out of 25 tested positive for Vibrio cholerae Ogawa by culture at the National Public Health Laboratory in Nairobi.",,
PSA0425,Health,General,"The main causative factors of the current outbreak include the high population density that is conducive to the propagation and spread of the disease, mass gatherings (a wedding party held in Karen and in a hotel during an international conference), low access to safe water and proper sanitation and the massive population movements in country and with neighbouring countries.",,
PSA0426,Health,Cholera,"Since December 2014, the Republic of Kenya has been experiencing continuous large outbreaks of cholera, with a cumulative total of 17 597 cases reported (10 568 cases reported in 2015 and 6448 in 2016).",,
PSA0427,Health,General,The country has activated the national task force to coordinate the response to the outbreak.,,
PSA0428,Health,General,"Since January 2017, WHO and partners are providing technical support to the country for the control of the outbreak.",,
PSA0429,Health,General,The country will develop a response plan with focus on the preparedness interventions to avert further spread of the outbreak.,,
PSA0430,Health,General,The WHO country office will repurpose their staff members and experts deployed in Nairobi for the management of the post El Niño effects in the Horn of Africa to support the quick control of this outbreak.,,
PSA0431,Health,General,WHO will also support the five most at risk counties with disease surveillance and response coordination.,,
PSA0432,Health,Child Protection,Partners on the ground are committed to provide support to the ongoing response efforts including support to primary health care and social mobilization by United Nations Children’s Fund (UNICEF).,,
PSA0433,Health,Cholera,Cholera is an acute enteric infection caused by the ingestion of bacterium Vibrio cholerae present in faecally contaminated water or food.,,
PSA0434,Health,General,It is primarily linked to insufficient access to safe water and adequate sanitation.,,
PSA0435,Health,Cholera,Cholera is always considered a potentially serious infectious disease and can cause high morbidity and mortality.,,
PSA0436,Health,General,"It has the potential to spread rapidly, depending on the exposure frequency, population exposed and the context.",,
PSA0437,Health,Cholera,Cholera outbreaks have been reported in the Republic of Kenya every year with large cyclical epidemics every five to seven years.,,
PSA0438,Health,General,The risk of the current outbreak is assessed as high at national and regional levels and moderate at global level.,,
PSA0439,Health,General,"The outbreak occurred in the context of a sub-regional drought, conflicts and insecurity in the Horn of Africa.",,
PSA0440,Health,General,"In addition, the outbreak is affecting the densely populated capital city Nairobi, and two large refugee camps (Kakuma and Dadaab) with massive population movements within country and between neighbouring countries.",,
PSA0441,Health,Cholera,"Previous large outbreaks in the Republic of Kenya have originated from similar settings, and the risk for propagation of cholera within the affected area as well as to other parts of the country is high.",,
PSA0442,Health,General,The country has identified a limited capacity for response and low access to safe water.,,
PSA0443,Health,General,There is an opportunity to implement early preparedness and response measures to contain the outbreak and prevent spread.,,
PSA0444,Health,General,The current outbreaks linked to mass gathering activities poses additional risk of food safety as well as the need to conduct sanitary inspection in restaurants and hotels.,,
PSA0445,Health,Cholera,WHO recommends improving the readiness of counties and health facilities to early detect and respond to the cholera outbreak as well as the reinforcement of coordination and multisectoral approaches.,,
PSA0446,Health,General,"In addition, hygiene practices in households, restaurant, hotels, refugee camps and health facilities should be improved and food safety interventions should be strengthened.",,
PSA0447,Health,General,WHO does not recommend any restriction on travel and trade to the Republic of Kenya based on the information available on the current outbreak.,,
