source_name,domain_tag,url,date_collected,status,raw_text
nsdcc,Health,https://nsdcc.go.ke/,2026-07-10,OK,"National Syndemic Diseases Control Council – NSDCC
Skip to content
Classic Home
Paul Simat
2026-07-05T18:42:13+03:00
""The launch of the 47 County Syndemic Operational Plans gives us more than a roadmap, it gives us a shared commitment to act. While Kenya has made remarkable progress in reducing new HIV infections and AIDS-related deaths, we must remain focused on the populations we are leaving behind. Progress is not success until every child, every adolescent, every young person and every vulnerable Kenyan has access to the services they need.""
Douglas O. Bosire, CEO, NSDCC
""The resilience demonstrated by counties during the funding disruptions proved that Kenya's HIV response is not built on donor support alone, it is anchored in committed healthcare workers, empowered communities, and strong county leadership. Our next task is to make that resilience sustainable.""
Nelson Otuoma, CEO, NEPHAK
""The launch of the 47 County Syndemic Operational Plans marks a defining moment in Kenya's health journey. These plans move us from commitment to action and place counties firmly at the centre of ending AIDS and other syndemic diseases as public health threats by 2030.""
Hon. Aden Duale, Cabinet Secretary
for Health
Latest News
Access a collection of stories, videos, publications, infographics and more
Tabitha Lynn
2026-07-10T11:48:03+03:00
Health Committee Explores Sustainable Solutions for Kenya’s HIV and Syndemic Disease Response
Evance Ogondi
2026-07-02T11:44:15+03:00
𝐌𝐚𝐚𝐫𝐢𝐟𝐚 𝐇𝐞𝐚𝐥𝐭𝐡 𝐇𝐮𝐛 𝐒𝐞𝐭 𝐭𝐨 𝐄𝐧𝐡𝐚𝐧𝐜𝐞 𝐀𝐜𝐜𝐞𝐬𝐬 𝐭𝐨 𝐇𝐈𝐕 𝐏𝐫𝐞𝐯𝐞𝐧𝐭𝐢𝐨𝐧 𝐈𝐧𝐟𝐨𝐫𝐦𝐚𝐭𝐢𝐨𝐧
Evance Ogondi
2026-07-02T11:40:29+03:00
𝐍𝐒𝐃𝐂𝐂 𝐒𝐭𝐫𝐞𝐧𝐠𝐭𝐡𝐞𝐧𝐬 𝐓𝐫𝐢𝐩𝐥𝐞 𝐓𝐡𝐫𝐞𝐚𝐭 𝐑𝐞𝐬𝐩𝐨𝐧𝐬𝐞 𝐢𝐧 𝐊𝐚𝐤𝐚𝐦𝐞𝐠𝐚 𝐂𝐨𝐮𝐧𝐭𝐲
About NSDCC
The National Syndemic Diseases Control Council (NSDCC) is a State Corporation established under Section 3 of the State Corporations Act, Cap 446, through the National AIDS Control Council Order, 1999 as amended by legal notice number 143 of 2022. The Council is mandated to manage the following syndemic diseases; HIV, sexually transmitted infections, malaria, leprosy, tuberculosis and lung disease.
Areas of focus
RESOURCE MOBILIZATION AND GRANTS MANAGEMENT
Read More
MANAGEMENT OF STRATEGIC INFORMATION FOR HIV AND SEXUALLY TRANSMITTED INFECTIONS
Read More
TECHNICAL SUPPORT AND CAPACITY BUILDING
Read More
COORDINATION OF STAKEHOLDERS AND SUPERVISION OF IMPLEMENTATION OF THE HIV RESPONSE
Read More
PUBLIC EDUCATION, COMMUNICATION AND ADVOCACY
Read More
DEVELOPMENT AND IMPLEMENTATION OF POLICIES, STRATEGIES AND GUIDELINES
Read More
HIV Statistics as at 2024
0
Number of people living with HIV
0
Number of new infections
0
AIDS related deaths
0
%
MTC Rate
More Statistics
About NSDCC
The National Syndemic Diseases Control Council (NSDCC) is a State Corporation established under Section 3 of the State Corporations Act, Cap 446, through the National AIDS Control Council Order, 1999 as amended by legal notice number 143 of 2022. The Council is mandated to manage the following syndemic diseases; HIV, sexually transmitted infections, malaria, leprosy, tuberculosis and lung disease.
News and Updates
> Health Committee Explores Sustainable Solutions for Kenya’s HIV and Syndemic Disease Response
> 𝐌𝐚𝐚𝐫𝐢𝐟𝐚 𝐇𝐞𝐚𝐥𝐭𝐡 𝐇𝐮𝐛 𝐒𝐞𝐭 𝐭𝐨 𝐄𝐧𝐡𝐚𝐧𝐜𝐞 𝐀𝐜𝐜𝐞𝐬𝐬 𝐭𝐨 𝐇𝐈𝐕 𝐏𝐫𝐞𝐯𝐞𝐧𝐭𝐢𝐨𝐧 𝐈𝐧𝐟𝐨𝐫𝐦𝐚𝐭𝐢𝐨𝐧
> 𝐍𝐒𝐃𝐂𝐂 𝐒𝐭𝐫𝐞𝐧𝐠𝐭𝐡𝐞𝐧𝐬 𝐓𝐫𝐢𝐩𝐥𝐞 𝐓𝐡𝐫𝐞𝐚𝐭 𝐑𝐞𝐬𝐩𝐨𝐧𝐬𝐞 𝐢𝐧 𝐊𝐚𝐤𝐚𝐦𝐞𝐠𝐚 𝐂𝐨𝐮𝐧𝐭𝐲
> 𝐂𝐨𝐦𝐦𝐮𝐧𝐢𝐭𝐲 𝐩𝐚𝐫𝐭𝐧𝐞𝐫𝐬𝐡𝐢𝐩𝐬 𝐫𝐞𝐦𝐚𝐢𝐧 𝐜𝐞𝐧𝐭𝐫𝐚𝐥 𝐭𝐨 𝐞𝐧𝐝𝐢𝐧𝐠 𝐀𝐈𝐃𝐒 𝐚𝐬 𝐚 𝐩𝐮𝐛𝐥𝐢𝐜 𝐡𝐞𝐚𝐥𝐭𝐡 𝐭𝐡𝐫𝐞𝐚𝐭 𝐛𝐲 𝟐𝟎𝟑𝟎
> 𝐍𝐒𝐃𝐂𝐂 𝐁𝐨𝐚𝐫𝐝 𝐑𝐚𝐥𝐥𝐢𝐞𝐬 𝐒𝐚𝐦𝐛𝐮𝐫𝐮 𝐋𝐞𝐚𝐝𝐞𝐫𝐬 𝐚𝐧𝐝 𝐂𝐨𝐦𝐦𝐮𝐧𝐢𝐭𝐢𝐞𝐬 𝐭𝐨 𝐀𝐜𝐜𝐞𝐥𝐞𝐫𝐚𝐭𝐞 𝐀𝐜𝐭𝐢𝐨𝐧 𝐀𝐠𝐚𝐢𝐧𝐬𝐭 𝐭𝐡𝐞 𝐓𝐫𝐢𝐩𝐥𝐞 𝐓𝐡𝐫𝐞𝐚𝐭
Contact Us
Maktaba Kuu Building, 2nd Floor,
Ngong Road, Upperhill
P.O. Box 61307 – 00200
Nairobi, Kenya
Phone: +254727531250, +254727531251,+254733886388,+254733886288
Email:
communication@nsdcc.go.ke
Email Address for complaints –
complaints@nsdcc.go.ke
Hotlines: ✓ +254 0202715000
(Toll-free Number)✓ 0800 720007
Mon to Fri – 8:00 am to 5:00 pm
© Copyright 2026 |   National AIDS Control Council     |   All Rights Reserved
Page load link
Skip to content
Go to Top"
nsdcc,Health,https://nsdcc.go.ke/news,2026-07-10,OK,"News & Updates – National Syndemic Diseases Control Council
Skip to content
News & Updates
Health Committee Explores Sustainable Solutions for Kenya’s HIV and Syndemic Disease Response
Gallery
Health Committee Explores Sustainable Solutions for Kenya’s HIV and Syndemic Disease Response
News
Health Committee Explores Sustainable Solutions for Kenya’s HIV and Syndemic Disease Response
By
Tabitha Lynn
|
2026-07-10T11:48:03+03:00
10/07/2026
|
News
|
The National Assembly Departmental Committee on Health chaired by Hon.  [...]
Read More
0
𝐌𝐚𝐚𝐫𝐢𝐟𝐚 𝐇𝐞𝐚𝐥𝐭𝐡 𝐇𝐮𝐛 𝐒𝐞𝐭 𝐭𝐨 𝐄𝐧𝐡𝐚𝐧𝐜𝐞 𝐀𝐜𝐜𝐞𝐬𝐬 𝐭𝐨 𝐇𝐈𝐕 𝐏𝐫𝐞𝐯𝐞𝐧𝐭𝐢𝐨𝐧 𝐈𝐧𝐟𝐨𝐫𝐦𝐚𝐭𝐢𝐨𝐧
Gallery
𝐌𝐚𝐚𝐫𝐢𝐟𝐚 𝐇𝐞𝐚𝐥𝐭𝐡 𝐇𝐮𝐛 𝐒𝐞𝐭 𝐭𝐨 𝐄𝐧𝐡𝐚𝐧𝐜𝐞 𝐀𝐜𝐜𝐞𝐬𝐬 𝐭𝐨 𝐇𝐈𝐕 𝐏𝐫𝐞𝐯𝐞𝐧𝐭𝐢𝐨𝐧 𝐈𝐧𝐟𝐨𝐫𝐦𝐚𝐭𝐢𝐨𝐧
News
𝐌𝐚𝐚𝐫𝐢𝐟𝐚 𝐇𝐞𝐚𝐥𝐭𝐡 𝐇𝐮𝐛 𝐒𝐞𝐭 𝐭𝐨 𝐄𝐧𝐡𝐚𝐧𝐜𝐞 𝐀𝐜𝐜𝐞𝐬𝐬 𝐭𝐨 𝐇𝐈𝐕 𝐏𝐫𝐞𝐯𝐞𝐧𝐭𝐢𝐨𝐧 𝐈𝐧𝐟𝐨𝐫𝐦𝐚𝐭𝐢𝐨𝐧
By
Evance Ogondi
|
2026-07-02T11:44:15+03:00
02/07/2026
|
News
|
The National Syndemic Diseases Control Council (NSDCC), in collaboration with  [...]
Read More
0
𝐍𝐒𝐃𝐂𝐂 𝐒𝐭𝐫𝐞𝐧𝐠𝐭𝐡𝐞𝐧𝐬 𝐓𝐫𝐢𝐩𝐥𝐞 𝐓𝐡𝐫𝐞𝐚𝐭 𝐑𝐞𝐬𝐩𝐨𝐧𝐬𝐞 𝐢𝐧 𝐊𝐚𝐤𝐚𝐦𝐞𝐠𝐚 𝐂𝐨𝐮𝐧𝐭𝐲
Gallery
𝐍𝐒𝐃𝐂𝐂 𝐒𝐭𝐫𝐞𝐧𝐠𝐭𝐡𝐞𝐧𝐬 𝐓𝐫𝐢𝐩𝐥𝐞 𝐓𝐡𝐫𝐞𝐚𝐭 𝐑𝐞𝐬𝐩𝐨𝐧𝐬𝐞 𝐢𝐧 𝐊𝐚𝐤𝐚𝐦𝐞𝐠𝐚 𝐂𝐨𝐮𝐧𝐭𝐲
News
𝐍𝐒𝐃𝐂𝐂 𝐒𝐭𝐫𝐞𝐧𝐠𝐭𝐡𝐞𝐧𝐬 𝐓𝐫𝐢𝐩𝐥𝐞 𝐓𝐡𝐫𝐞𝐚𝐭 𝐑𝐞𝐬𝐩𝐨𝐧𝐬𝐞 𝐢𝐧 𝐊𝐚𝐤𝐚𝐦𝐞𝐠𝐚 𝐂𝐨𝐮𝐧𝐭𝐲
By
Evance Ogondi
|
2026-07-02T11:40:29+03:00
02/07/2026
|
News
|
As part of ongoing efforts to address new HIV infections,  [...]
Read More
0
𝐂𝐨𝐦𝐦𝐮𝐧𝐢𝐭𝐲 𝐩𝐚𝐫𝐭𝐧𝐞𝐫𝐬𝐡𝐢𝐩𝐬 𝐫𝐞𝐦𝐚𝐢𝐧 𝐜𝐞𝐧𝐭𝐫𝐚𝐥 𝐭𝐨 𝐞𝐧𝐝𝐢𝐧𝐠 𝐀𝐈𝐃𝐒 𝐚𝐬 𝐚 𝐩𝐮𝐛𝐥𝐢𝐜 𝐡𝐞𝐚𝐥𝐭𝐡 𝐭𝐡𝐫𝐞𝐚𝐭 𝐛𝐲 𝟐𝟎𝟑𝟎
Gallery
𝐂𝐨𝐦𝐦𝐮𝐧𝐢𝐭𝐲 𝐩𝐚𝐫𝐭𝐧𝐞𝐫𝐬𝐡𝐢𝐩𝐬 𝐫𝐞𝐦𝐚𝐢𝐧 𝐜𝐞𝐧𝐭𝐫𝐚𝐥 𝐭𝐨 𝐞𝐧𝐝𝐢𝐧𝐠 𝐀𝐈𝐃𝐒 𝐚𝐬 𝐚 𝐩𝐮𝐛𝐥𝐢𝐜 𝐡𝐞𝐚𝐥𝐭𝐡 𝐭𝐡𝐫𝐞𝐚𝐭 𝐛𝐲 𝟐𝟎𝟑𝟎
News
𝐂𝐨𝐦𝐦𝐮𝐧𝐢𝐭𝐲 𝐩𝐚𝐫𝐭𝐧𝐞𝐫𝐬𝐡𝐢𝐩𝐬 𝐫𝐞𝐦𝐚𝐢𝐧 𝐜𝐞𝐧𝐭𝐫𝐚𝐥 𝐭𝐨 𝐞𝐧𝐝𝐢𝐧𝐠 𝐀𝐈𝐃𝐒 𝐚𝐬 𝐚 𝐩𝐮𝐛𝐥𝐢𝐜 𝐡𝐞𝐚𝐥𝐭𝐡 𝐭𝐡𝐫𝐞𝐚𝐭 𝐛𝐲 𝟐𝟎𝟑𝟎
By
Evance Ogondi
|
2026-06-27T11:51:27+03:00
27/06/2026
|
News
|
NSDCC Chief Executive Officer Douglas O. Bosire hosted the National  [...]
Read More
0
𝐍𝐒𝐃𝐂𝐂 𝐁𝐨𝐚𝐫𝐝 𝐑𝐚𝐥𝐥𝐢𝐞𝐬 𝐒𝐚𝐦𝐛𝐮𝐫𝐮 𝐋𝐞𝐚𝐝𝐞𝐫𝐬 𝐚𝐧𝐝 𝐂𝐨𝐦𝐦𝐮𝐧𝐢𝐭𝐢𝐞𝐬 𝐭𝐨 𝐀𝐜𝐜𝐞𝐥𝐞𝐫𝐚𝐭𝐞 𝐀𝐜𝐭𝐢𝐨𝐧 𝐀𝐠𝐚𝐢𝐧𝐬𝐭 𝐭𝐡𝐞 𝐓𝐫𝐢𝐩𝐥𝐞 𝐓𝐡𝐫𝐞𝐚𝐭
Gallery
𝐍𝐒𝐃𝐂𝐂 𝐁𝐨𝐚𝐫𝐝 𝐑𝐚𝐥𝐥𝐢𝐞𝐬 𝐒𝐚𝐦𝐛𝐮𝐫𝐮 𝐋𝐞𝐚𝐝𝐞𝐫𝐬 𝐚𝐧𝐝 𝐂𝐨𝐦𝐦𝐮𝐧𝐢𝐭𝐢𝐞𝐬 𝐭𝐨 𝐀𝐜𝐜𝐞𝐥𝐞𝐫𝐚𝐭𝐞 𝐀𝐜𝐭𝐢𝐨𝐧 𝐀𝐠𝐚𝐢𝐧𝐬𝐭 𝐭𝐡𝐞 𝐓𝐫𝐢𝐩𝐥𝐞 𝐓𝐡𝐫𝐞𝐚𝐭
News
𝐍𝐒𝐃𝐂𝐂 𝐁𝐨𝐚𝐫𝐝 𝐑𝐚𝐥𝐥𝐢𝐞𝐬 𝐒𝐚𝐦𝐛𝐮𝐫𝐮 𝐋𝐞𝐚𝐝𝐞𝐫𝐬 𝐚𝐧𝐝 𝐂𝐨𝐦𝐦𝐮𝐧𝐢𝐭𝐢𝐞𝐬 𝐭𝐨 𝐀𝐜𝐜𝐞𝐥𝐞𝐫𝐚𝐭𝐞 𝐀𝐜𝐭𝐢𝐨𝐧 𝐀𝐠𝐚𝐢𝐧𝐬𝐭 𝐭𝐡𝐞 𝐓𝐫𝐢𝐩𝐥𝐞 𝐓𝐡𝐫𝐞𝐚𝐭
By
Evance Ogondi
|
2026-06-27T11:46:16+03:00
27/06/2026
|
News
|
The National Syndemic Diseases Control Council (NSDCC) Board, led by  [...]
Read More
0
𝐇𝐞𝐚𝐥𝐭𝐡 𝐂𝐒 𝐂𝐨𝐦𝐦𝐞𝐧𝐝𝐬 𝐍𝐒𝐃𝐂𝐂’𝐬 𝐋𝐞𝐚𝐝𝐞𝐫𝐬𝐡𝐢𝐩 𝐢𝐧 𝐊𝐞𝐧𝐲𝐚’𝐬 𝐇𝐈𝐕 𝐚𝐧𝐝 𝐒𝐲𝐧𝐝𝐞𝐦𝐢𝐜 𝐑𝐞𝐬𝐩𝐨𝐧𝐬𝐞
By
Evance Ogondi
|
2026-06-27T12:29:22+03:00
26/06/2026
|
News
|
Cabinet Secretary for Health, Hon. Aden Duale, EGH,  [...]
Read More
0
𝐍𝐒𝐃𝐂𝐂 𝐀𝐝𝐯𝐚𝐧𝐜𝐞𝐬 𝐇𝐈𝐕 𝐏𝐫𝐞𝐯𝐞𝐧𝐭𝐢𝐨𝐧 𝐚𝐧𝐝 𝐈𝐧𝐭𝐞𝐠𝐫𝐚𝐭𝐞𝐝 𝐇𝐞𝐚𝐥𝐭𝐡 𝐒𝐞𝐫𝐯𝐢𝐜𝐞𝐬 𝐃𝐮𝐫𝐢𝐧𝐠 𝐀𝐟𝐫𝐢𝐜𝐚 𝐏𝐮𝐛𝐥𝐢𝐜 𝐒𝐞𝐫𝐯𝐢𝐜𝐞 𝐃𝐚𝐲 𝟐𝟎𝟐𝟔
Gallery
𝐍𝐒𝐃𝐂𝐂 𝐀𝐝𝐯𝐚𝐧𝐜𝐞𝐬 𝐇𝐈𝐕 𝐏𝐫𝐞𝐯𝐞𝐧𝐭𝐢𝐨𝐧 𝐚𝐧𝐝 𝐈𝐧𝐭𝐞𝐠𝐫𝐚𝐭𝐞𝐝 𝐇𝐞𝐚𝐥𝐭𝐡 𝐒𝐞𝐫𝐯𝐢𝐜𝐞𝐬 𝐃𝐮𝐫𝐢𝐧𝐠 𝐀𝐟𝐫𝐢𝐜𝐚 𝐏𝐮𝐛𝐥𝐢𝐜 𝐒𝐞𝐫𝐯𝐢𝐜𝐞 𝐃𝐚𝐲 𝟐𝟎𝟐𝟔
News
𝐍𝐒𝐃𝐂𝐂 𝐀𝐝𝐯𝐚𝐧𝐜𝐞𝐬 𝐇𝐈𝐕 𝐏𝐫𝐞𝐯𝐞𝐧𝐭𝐢𝐨𝐧 𝐚𝐧𝐝 𝐈𝐧𝐭𝐞𝐠𝐫𝐚𝐭𝐞𝐝 𝐇𝐞𝐚𝐥𝐭𝐡 𝐒𝐞𝐫𝐯𝐢𝐜𝐞𝐬 𝐃𝐮𝐫𝐢𝐧𝐠 𝐀𝐟𝐫𝐢𝐜𝐚 𝐏𝐮𝐛𝐥𝐢𝐜 𝐒𝐞𝐫𝐯𝐢𝐜𝐞 𝐃𝐚𝐲 𝟐𝟎𝟐𝟔
By
Evance Ogondi
|
2026-06-26T09:14:07+03:00
26/06/2026
|
News
|
The National Syndemic Diseases Control Council (NSDCC) joined other public  [...]
Read More
0
𝐍𝐒𝐃𝐂𝐂 𝐁𝐨𝐚𝐫𝐝 𝐄𝐧𝐠𝐚𝐠𝐞𝐬 𝐊𝐢𝐭𝐮𝐢 𝐋𝐞𝐚𝐝𝐞𝐫𝐬𝐡𝐢𝐩 𝐭𝐨 𝐒𝐭𝐫𝐞𝐧𝐠𝐭𝐡𝐞𝐧 𝐌𝐮𝐥𝐭𝐢𝐬𝐞𝐜𝐭𝐨𝐫𝐚𝐥 𝐇𝐞𝐚𝐥𝐭𝐡 𝐑𝐞𝐬𝐩𝐨𝐧𝐬𝐞
Gallery
𝐍𝐒𝐃𝐂𝐂 𝐁𝐨𝐚𝐫𝐝 𝐄𝐧𝐠𝐚𝐠𝐞𝐬 𝐊𝐢𝐭𝐮𝐢 𝐋𝐞𝐚𝐝𝐞𝐫𝐬𝐡𝐢𝐩 𝐭𝐨 𝐒𝐭𝐫𝐞𝐧𝐠𝐭𝐡𝐞𝐧 𝐌𝐮𝐥𝐭𝐢𝐬𝐞𝐜𝐭𝐨𝐫𝐚𝐥 𝐇𝐞𝐚𝐥𝐭𝐡 𝐑𝐞𝐬𝐩𝐨𝐧𝐬𝐞
News
𝐍𝐒𝐃𝐂𝐂 𝐁𝐨𝐚𝐫𝐝 𝐄𝐧𝐠𝐚𝐠𝐞𝐬 𝐊𝐢𝐭𝐮𝐢 𝐋𝐞𝐚𝐝𝐞𝐫𝐬𝐡𝐢𝐩 𝐭𝐨 𝐒𝐭𝐫𝐞𝐧𝐠𝐭𝐡𝐞𝐧 𝐌𝐮𝐥𝐭𝐢𝐬𝐞𝐜𝐭𝐨𝐫𝐚𝐥 𝐇𝐞𝐚𝐥𝐭𝐡 𝐑𝐞𝐬𝐩𝐨𝐧𝐬𝐞
By
Evance Ogondi
|
2026-06-26T08:37:32+03:00
25/06/2026
|
News
|
The National Syndemic Diseases Control Council (NSDCC) Board of  [...]
Read More
0
𝐉𝐨𝐮𝐫𝐧𝐚𝐥𝐢𝐬𝐭𝐬 𝐑𝐞𝐜𝐨𝐠𝐧𝐢𝐬𝐞𝐝 𝐟𝐨𝐫 𝐒𝐭𝐫𝐞𝐧𝐠𝐭𝐡𝐞𝐧𝐢𝐧𝐠 𝐊𝐞𝐧𝐲𝐚’𝐬 𝐇𝐈𝐕 𝐑𝐞𝐬𝐩𝐨𝐧𝐬𝐞 𝐓𝐡𝐫𝐨𝐮𝐠𝐡 𝐐𝐮𝐚𝐥𝐢𝐭𝐲 𝐑𝐞𝐩𝐨𝐫𝐭𝐢𝐧𝐠
Gallery
𝐉𝐨𝐮𝐫𝐧𝐚𝐥𝐢𝐬𝐭𝐬 𝐑𝐞𝐜𝐨𝐠𝐧𝐢𝐬𝐞𝐝 𝐟𝐨𝐫 𝐒𝐭𝐫𝐞𝐧𝐠𝐭𝐡𝐞𝐧𝐢𝐧𝐠 𝐊𝐞𝐧𝐲𝐚’𝐬 𝐇𝐈𝐕 𝐑𝐞𝐬𝐩𝐨𝐧𝐬𝐞 𝐓𝐡𝐫𝐨𝐮𝐠𝐡 𝐐𝐮𝐚𝐥𝐢𝐭𝐲 𝐑𝐞𝐩𝐨𝐫𝐭𝐢𝐧𝐠
News
𝐉𝐨𝐮𝐫𝐧𝐚𝐥𝐢𝐬𝐭𝐬 𝐑𝐞𝐜𝐨𝐠𝐧𝐢𝐬𝐞𝐝 𝐟𝐨𝐫 𝐒𝐭𝐫𝐞𝐧𝐠𝐭𝐡𝐞𝐧𝐢𝐧𝐠 𝐊𝐞𝐧𝐲𝐚’𝐬 𝐇𝐈𝐕 𝐑𝐞𝐬𝐩𝐨𝐧𝐬𝐞 𝐓𝐡𝐫𝐨𝐮𝐠𝐡 𝐐𝐮𝐚𝐥𝐢𝐭𝐲 𝐑𝐞𝐩𝐨𝐫𝐭𝐢𝐧𝐠
By
Evance Ogondi
|
2026-06-25T19:10:18+03:00
25/06/2026
|
News
|
The role of journalism in advancing Kenya's response to  [...]
Read More
0
Nyeri Leaders Rally Community Support to End the Triple Threat
Gallery
Nyeri Leaders Rally Community Support to End the Triple Threat
News
Nyeri Leaders Rally Community Support to End the Triple Threat
By
Evance Ogondi
|
2026-06-25T15:49:06+03:00
25/06/2026
|
News
|
The National Syndemic Diseases Control Council (NSDCC) joined Nyeri Town  [...]
Read More
0
1
2
Next
About NSDCC
The National Syndemic Diseases Control Council (NSDCC) is a State Corporation established under Section 3 of the State Corporations Act, Cap 446, through the National AIDS Control Council Order, 1999 as amended by legal notice number 143 of 2022. The Council is mandated to manage the following syndemic diseases; HIV, sexually transmitted infections, malaria, leprosy, tuberculosis and lung disease.
News and Updates
> Health Committee Explores Sustainable Solutions for Kenya’s HIV and Syndemic Disease Response
> 𝐌𝐚𝐚𝐫𝐢𝐟𝐚 𝐇𝐞𝐚𝐥𝐭𝐡 𝐇𝐮𝐛 𝐒𝐞𝐭 𝐭𝐨 𝐄𝐧𝐡𝐚𝐧𝐜𝐞 𝐀𝐜𝐜𝐞𝐬𝐬 𝐭𝐨 𝐇𝐈𝐕 𝐏𝐫𝐞𝐯𝐞𝐧𝐭𝐢𝐨𝐧 𝐈𝐧𝐟𝐨𝐫𝐦𝐚𝐭𝐢𝐨𝐧
> 𝐍𝐒𝐃𝐂𝐂 𝐒𝐭𝐫𝐞𝐧𝐠𝐭𝐡𝐞𝐧𝐬 𝐓𝐫𝐢𝐩𝐥𝐞 𝐓𝐡𝐫𝐞𝐚𝐭 𝐑𝐞𝐬𝐩𝐨𝐧𝐬𝐞 𝐢𝐧 𝐊𝐚𝐤𝐚𝐦𝐞𝐠𝐚 𝐂𝐨𝐮𝐧𝐭𝐲
> 𝐂𝐨𝐦𝐦𝐮𝐧𝐢𝐭𝐲 𝐩𝐚𝐫𝐭𝐧𝐞𝐫𝐬𝐡𝐢𝐩𝐬 𝐫𝐞𝐦𝐚𝐢𝐧 𝐜𝐞𝐧𝐭𝐫𝐚𝐥 𝐭𝐨 𝐞𝐧𝐝𝐢𝐧𝐠 𝐀𝐈𝐃𝐒 𝐚𝐬 𝐚 𝐩𝐮𝐛𝐥𝐢𝐜 𝐡𝐞𝐚𝐥𝐭𝐡 𝐭𝐡𝐫𝐞𝐚𝐭 𝐛𝐲 𝟐𝟎𝟑𝟎
> 𝐍𝐒𝐃𝐂𝐂 𝐁𝐨𝐚𝐫𝐝 𝐑𝐚𝐥𝐥𝐢𝐞𝐬 𝐒𝐚𝐦𝐛𝐮𝐫𝐮 𝐋𝐞𝐚𝐝𝐞𝐫𝐬 𝐚𝐧𝐝 𝐂𝐨𝐦𝐦𝐮𝐧𝐢𝐭𝐢𝐞𝐬 𝐭𝐨 𝐀𝐜𝐜𝐞𝐥𝐞𝐫𝐚𝐭𝐞 𝐀𝐜𝐭𝐢𝐨𝐧 𝐀𝐠𝐚𝐢𝐧𝐬𝐭 𝐭𝐡𝐞 𝐓𝐫𝐢𝐩𝐥𝐞 𝐓𝐡𝐫𝐞𝐚𝐭
Contact Us
Maktaba Kuu Building, 2nd Floor,
Ngong Road, Upperhill
P.O. Box 61307 – 00200
Nairobi, Kenya
Phone: +254727531250, +254727531251,+254733886388,+254733886288
Email:
communication@nsdcc.go.ke
Email Address for complaints –
complaints@nsdcc.go.ke
Hotlines: ✓ +254 0202715000
(Toll-free Number)✓ 0800 720007
Mon to Fri – 8:00 am to 5:00 pm
© Copyright 2026 |   National AIDS Control Council     |   All Rights Reserved
Page load link
Skip to content
Go to Top"
nsdcc,Health,https://nsdcc.go.ke/news/tv-townhall-meetings/,2026-07-10,OK,"TV Townhall Meetings – National Syndemic Diseases Control Council
Skip to content
TV Townhall Meetings
TV Townhall Meetings
George Onyango
2026-07-03T15:51:05+03:00
Media plays a crucial role in shaping positive health outcomes, contributing significantly to Kenya’s success in combating HIV and AIDS. Strategic and continuous media engagement has driven structured conversations on these critical issues. Interactive forums, featuring diverse panels of experts, are moderated to address audience questions. This comprehensive approach aims to maximize outreach, fostering ongoing discussions on HIV prevention, and treatment, as well as addressing issues like sexual and gender-based violence,  teen pregnancies, and COVID-19.
Follow these conversations through below links.
About NSDCC
The National Syndemic Diseases Control Council (NSDCC) is a State Corporation established under Section 3 of the State Corporations Act, Cap 446, through the National AIDS Control Council Order, 1999 as amended by legal notice number 143 of 2022. The Council is mandated to manage the following syndemic diseases; HIV, sexually transmitted infections, malaria, leprosy, tuberculosis and lung disease.
News and Updates
> Health Committee Explores Sustainable Solutions for Kenya’s HIV and Syndemic Disease Response
> 𝐌𝐚𝐚𝐫𝐢𝐟𝐚 𝐇𝐞𝐚𝐥𝐭𝐡 𝐇𝐮𝐛 𝐒𝐞𝐭 𝐭𝐨 𝐄𝐧𝐡𝐚𝐧𝐜𝐞 𝐀𝐜𝐜𝐞𝐬𝐬 𝐭𝐨 𝐇𝐈𝐕 𝐏𝐫𝐞𝐯𝐞𝐧𝐭𝐢𝐨𝐧 𝐈𝐧𝐟𝐨𝐫𝐦𝐚𝐭𝐢𝐨𝐧
> 𝐍𝐒𝐃𝐂𝐂 𝐒𝐭𝐫𝐞𝐧𝐠𝐭𝐡𝐞𝐧𝐬 𝐓𝐫𝐢𝐩𝐥𝐞 𝐓𝐡𝐫𝐞𝐚𝐭 𝐑𝐞𝐬𝐩𝐨𝐧𝐬𝐞 𝐢𝐧 𝐊𝐚𝐤𝐚𝐦𝐞𝐠𝐚 𝐂𝐨𝐮𝐧𝐭𝐲
> 𝐂𝐨𝐦𝐦𝐮𝐧𝐢𝐭𝐲 𝐩𝐚𝐫𝐭𝐧𝐞𝐫𝐬𝐡𝐢𝐩𝐬 𝐫𝐞𝐦𝐚𝐢𝐧 𝐜𝐞𝐧𝐭𝐫𝐚𝐥 𝐭𝐨 𝐞𝐧𝐝𝐢𝐧𝐠 𝐀𝐈𝐃𝐒 𝐚𝐬 𝐚 𝐩𝐮𝐛𝐥𝐢𝐜 𝐡𝐞𝐚𝐥𝐭𝐡 𝐭𝐡𝐫𝐞𝐚𝐭 𝐛𝐲 𝟐𝟎𝟑𝟎
> 𝐍𝐒𝐃𝐂𝐂 𝐁𝐨𝐚𝐫𝐝 𝐑𝐚𝐥𝐥𝐢𝐞𝐬 𝐒𝐚𝐦𝐛𝐮𝐫𝐮 𝐋𝐞𝐚𝐝𝐞𝐫𝐬 𝐚𝐧𝐝 𝐂𝐨𝐦𝐦𝐮𝐧𝐢𝐭𝐢𝐞𝐬 𝐭𝐨 𝐀𝐜𝐜𝐞𝐥𝐞𝐫𝐚𝐭𝐞 𝐀𝐜𝐭𝐢𝐨𝐧 𝐀𝐠𝐚𝐢𝐧𝐬𝐭 𝐭𝐡𝐞 𝐓𝐫𝐢𝐩𝐥𝐞 𝐓𝐡𝐫𝐞𝐚𝐭
Contact Us
Maktaba Kuu Building, 2nd Floor,
Ngong Road, Upperhill
P.O. Box 61307 – 00200
Nairobi, Kenya
Phone: +254727531250, +254727531251,+254733886388,+254733886288
Email:
communication@nsdcc.go.ke
Email Address for complaints –
complaints@nsdcc.go.ke
Hotlines: ✓ +254 0202715000
(Toll-free Number)✓ 0800 720007
Mon to Fri – 8:00 am to 5:00 pm
© Copyright 2026 |   National AIDS Control Council     |   All Rights Reserved
Page load link
Skip to content
Go to Top"
nsdcc,Health,https://nsdcc.go.ke/campaigns/,2026-07-10,OK,"Campaigns – National Syndemic Diseases Control Council
Skip to content
Campaigns
Campaigns
Paul Simat
2025-06-11T12:38:04+03:00
Health and Wellness of Boys & Men
Engaging boys and men in the HIV response and promoting gender equality in Kenya is crucial for sustainable health outcomes and addressing gender disparities.
Read More
End the Triple Threat Campaign
End New HIV infections, Adolescents Pregnancies and Sexual and Gender-Based Violence
Read More
G-Jali Campaign
G-Jali is a comprehensive digital platform aimed at addressing the critical issues of HIV, Sexual and Reproductive Health (SRH), and other emerging health concerns among adolescents and young people in Kenya.
Read More
About NSDCC
The National Syndemic Diseases Control Council (NSDCC) is a State Corporation established under Section 3 of the State Corporations Act, Cap 446, through the National AIDS Control Council Order, 1999 as amended by legal notice number 143 of 2022. The Council is mandated to manage the following syndemic diseases; HIV, sexually transmitted infections, malaria, leprosy, tuberculosis and lung disease.
News and Updates
> Health Committee Explores Sustainable Solutions for Kenya’s HIV and Syndemic Disease Response
> 𝐌𝐚𝐚𝐫𝐢𝐟𝐚 𝐇𝐞𝐚𝐥𝐭𝐡 𝐇𝐮𝐛 𝐒𝐞𝐭 𝐭𝐨 𝐄𝐧𝐡𝐚𝐧𝐜𝐞 𝐀𝐜𝐜𝐞𝐬𝐬 𝐭𝐨 𝐇𝐈𝐕 𝐏𝐫𝐞𝐯𝐞𝐧𝐭𝐢𝐨𝐧 𝐈𝐧𝐟𝐨𝐫𝐦𝐚𝐭𝐢𝐨𝐧
> 𝐍𝐒𝐃𝐂𝐂 𝐒𝐭𝐫𝐞𝐧𝐠𝐭𝐡𝐞𝐧𝐬 𝐓𝐫𝐢𝐩𝐥𝐞 𝐓𝐡𝐫𝐞𝐚𝐭 𝐑𝐞𝐬𝐩𝐨𝐧𝐬𝐞 𝐢𝐧 𝐊𝐚𝐤𝐚𝐦𝐞𝐠𝐚 𝐂𝐨𝐮𝐧𝐭𝐲
> 𝐂𝐨𝐦𝐦𝐮𝐧𝐢𝐭𝐲 𝐩𝐚𝐫𝐭𝐧𝐞𝐫𝐬𝐡𝐢𝐩𝐬 𝐫𝐞𝐦𝐚𝐢𝐧 𝐜𝐞𝐧𝐭𝐫𝐚𝐥 𝐭𝐨 𝐞𝐧𝐝𝐢𝐧𝐠 𝐀𝐈𝐃𝐒 𝐚𝐬 𝐚 𝐩𝐮𝐛𝐥𝐢𝐜 𝐡𝐞𝐚𝐥𝐭𝐡 𝐭𝐡𝐫𝐞𝐚𝐭 𝐛𝐲 𝟐𝟎𝟑𝟎
> 𝐍𝐒𝐃𝐂𝐂 𝐁𝐨𝐚𝐫𝐝 𝐑𝐚𝐥𝐥𝐢𝐞𝐬 𝐒𝐚𝐦𝐛𝐮𝐫𝐮 𝐋𝐞𝐚𝐝𝐞𝐫𝐬 𝐚𝐧𝐝 𝐂𝐨𝐦𝐦𝐮𝐧𝐢𝐭𝐢𝐞𝐬 𝐭𝐨 𝐀𝐜𝐜𝐞𝐥𝐞𝐫𝐚𝐭𝐞 𝐀𝐜𝐭𝐢𝐨𝐧 𝐀𝐠𝐚𝐢𝐧𝐬𝐭 𝐭𝐡𝐞 𝐓𝐫𝐢𝐩𝐥𝐞 𝐓𝐡𝐫𝐞𝐚𝐭
Contact Us
Maktaba Kuu Building, 2nd Floor,
Ngong Road, Upperhill
P.O. Box 61307 – 00200
Nairobi, Kenya
Phone: +254727531250, +254727531251,+254733886388,+254733886288
Email:
communication@nsdcc.go.ke
Email Address for complaints –
complaints@nsdcc.go.ke
Hotlines: ✓ +254 0202715000
(Toll-free Number)✓ 0800 720007
Mon to Fri – 8:00 am to 5:00 pm
© Copyright 2026 |   National AIDS Control Council     |   All Rights Reserved
Page load link
Skip to content
Go to Top"
nsdcc,Health,https://nsdcc.go.ke/news/,2026-07-10,OK,"News & Updates – National Syndemic Diseases Control Council
Skip to content
News & Updates
Health Committee Explores Sustainable Solutions for Kenya’s HIV and Syndemic Disease Response
Gallery
Health Committee Explores Sustainable Solutions for Kenya’s HIV and Syndemic Disease Response
News
Health Committee Explores Sustainable Solutions for Kenya’s HIV and Syndemic Disease Response
By
Tabitha Lynn
|
2026-07-10T11:48:03+03:00
10/07/2026
|
News
|
The National Assembly Departmental Committee on Health chaired by Hon.  [...]
Read More
0
𝐌𝐚𝐚𝐫𝐢𝐟𝐚 𝐇𝐞𝐚𝐥𝐭𝐡 𝐇𝐮𝐛 𝐒𝐞𝐭 𝐭𝐨 𝐄𝐧𝐡𝐚𝐧𝐜𝐞 𝐀𝐜𝐜𝐞𝐬𝐬 𝐭𝐨 𝐇𝐈𝐕 𝐏𝐫𝐞𝐯𝐞𝐧𝐭𝐢𝐨𝐧 𝐈𝐧𝐟𝐨𝐫𝐦𝐚𝐭𝐢𝐨𝐧
Gallery
𝐌𝐚𝐚𝐫𝐢𝐟𝐚 𝐇𝐞𝐚𝐥𝐭𝐡 𝐇𝐮𝐛 𝐒𝐞𝐭 𝐭𝐨 𝐄𝐧𝐡𝐚𝐧𝐜𝐞 𝐀𝐜𝐜𝐞𝐬𝐬 𝐭𝐨 𝐇𝐈𝐕 𝐏𝐫𝐞𝐯𝐞𝐧𝐭𝐢𝐨𝐧 𝐈𝐧𝐟𝐨𝐫𝐦𝐚𝐭𝐢𝐨𝐧
News
𝐌𝐚𝐚𝐫𝐢𝐟𝐚 𝐇𝐞𝐚𝐥𝐭𝐡 𝐇𝐮𝐛 𝐒𝐞𝐭 𝐭𝐨 𝐄𝐧𝐡𝐚𝐧𝐜𝐞 𝐀𝐜𝐜𝐞𝐬𝐬 𝐭𝐨 𝐇𝐈𝐕 𝐏𝐫𝐞𝐯𝐞𝐧𝐭𝐢𝐨𝐧 𝐈𝐧𝐟𝐨𝐫𝐦𝐚𝐭𝐢𝐨𝐧
By
Evance Ogondi
|
2026-07-02T11:44:15+03:00
02/07/2026
|
News
|
The National Syndemic Diseases Control Council (NSDCC), in collaboration with  [...]
Read More
0
𝐍𝐒𝐃𝐂𝐂 𝐒𝐭𝐫𝐞𝐧𝐠𝐭𝐡𝐞𝐧𝐬 𝐓𝐫𝐢𝐩𝐥𝐞 𝐓𝐡𝐫𝐞𝐚𝐭 𝐑𝐞𝐬𝐩𝐨𝐧𝐬𝐞 𝐢𝐧 𝐊𝐚𝐤𝐚𝐦𝐞𝐠𝐚 𝐂𝐨𝐮𝐧𝐭𝐲
Gallery
𝐍𝐒𝐃𝐂𝐂 𝐒𝐭𝐫𝐞𝐧𝐠𝐭𝐡𝐞𝐧𝐬 𝐓𝐫𝐢𝐩𝐥𝐞 𝐓𝐡𝐫𝐞𝐚𝐭 𝐑𝐞𝐬𝐩𝐨𝐧𝐬𝐞 𝐢𝐧 𝐊𝐚𝐤𝐚𝐦𝐞𝐠𝐚 𝐂𝐨𝐮𝐧𝐭𝐲
News
𝐍𝐒𝐃𝐂𝐂 𝐒𝐭𝐫𝐞𝐧𝐠𝐭𝐡𝐞𝐧𝐬 𝐓𝐫𝐢𝐩𝐥𝐞 𝐓𝐡𝐫𝐞𝐚𝐭 𝐑𝐞𝐬𝐩𝐨𝐧𝐬𝐞 𝐢𝐧 𝐊𝐚𝐤𝐚𝐦𝐞𝐠𝐚 𝐂𝐨𝐮𝐧𝐭𝐲
By
Evance Ogondi
|
2026-07-02T11:40:29+03:00
02/07/2026
|
News
|
As part of ongoing efforts to address new HIV infections,  [...]
Read More
0
𝐂𝐨𝐦𝐦𝐮𝐧𝐢𝐭𝐲 𝐩𝐚𝐫𝐭𝐧𝐞𝐫𝐬𝐡𝐢𝐩𝐬 𝐫𝐞𝐦𝐚𝐢𝐧 𝐜𝐞𝐧𝐭𝐫𝐚𝐥 𝐭𝐨 𝐞𝐧𝐝𝐢𝐧𝐠 𝐀𝐈𝐃𝐒 𝐚𝐬 𝐚 𝐩𝐮𝐛𝐥𝐢𝐜 𝐡𝐞𝐚𝐥𝐭𝐡 𝐭𝐡𝐫𝐞𝐚𝐭 𝐛𝐲 𝟐𝟎𝟑𝟎
Gallery
𝐂𝐨𝐦𝐦𝐮𝐧𝐢𝐭𝐲 𝐩𝐚𝐫𝐭𝐧𝐞𝐫𝐬𝐡𝐢𝐩𝐬 𝐫𝐞𝐦𝐚𝐢𝐧 𝐜𝐞𝐧𝐭𝐫𝐚𝐥 𝐭𝐨 𝐞𝐧𝐝𝐢𝐧𝐠 𝐀𝐈𝐃𝐒 𝐚𝐬 𝐚 𝐩𝐮𝐛𝐥𝐢𝐜 𝐡𝐞𝐚𝐥𝐭𝐡 𝐭𝐡𝐫𝐞𝐚𝐭 𝐛𝐲 𝟐𝟎𝟑𝟎
News
𝐂𝐨𝐦𝐦𝐮𝐧𝐢𝐭𝐲 𝐩𝐚𝐫𝐭𝐧𝐞𝐫𝐬𝐡𝐢𝐩𝐬 𝐫𝐞𝐦𝐚𝐢𝐧 𝐜𝐞𝐧𝐭𝐫𝐚𝐥 𝐭𝐨 𝐞𝐧𝐝𝐢𝐧𝐠 𝐀𝐈𝐃𝐒 𝐚𝐬 𝐚 𝐩𝐮𝐛𝐥𝐢𝐜 𝐡𝐞𝐚𝐥𝐭𝐡 𝐭𝐡𝐫𝐞𝐚𝐭 𝐛𝐲 𝟐𝟎𝟑𝟎
By
Evance Ogondi
|
2026-06-27T11:51:27+03:00
27/06/2026
|
News
|
NSDCC Chief Executive Officer Douglas O. Bosire hosted the National  [...]
Read More
0
𝐍𝐒𝐃𝐂𝐂 𝐁𝐨𝐚𝐫𝐝 𝐑𝐚𝐥𝐥𝐢𝐞𝐬 𝐒𝐚𝐦𝐛𝐮𝐫𝐮 𝐋𝐞𝐚𝐝𝐞𝐫𝐬 𝐚𝐧𝐝 𝐂𝐨𝐦𝐦𝐮𝐧𝐢𝐭𝐢𝐞𝐬 𝐭𝐨 𝐀𝐜𝐜𝐞𝐥𝐞𝐫𝐚𝐭𝐞 𝐀𝐜𝐭𝐢𝐨𝐧 𝐀𝐠𝐚𝐢𝐧𝐬𝐭 𝐭𝐡𝐞 𝐓𝐫𝐢𝐩𝐥𝐞 𝐓𝐡𝐫𝐞𝐚𝐭
Gallery
𝐍𝐒𝐃𝐂𝐂 𝐁𝐨𝐚𝐫𝐝 𝐑𝐚𝐥𝐥𝐢𝐞𝐬 𝐒𝐚𝐦𝐛𝐮𝐫𝐮 𝐋𝐞𝐚𝐝𝐞𝐫𝐬 𝐚𝐧𝐝 𝐂𝐨𝐦𝐦𝐮𝐧𝐢𝐭𝐢𝐞𝐬 𝐭𝐨 𝐀𝐜𝐜𝐞𝐥𝐞𝐫𝐚𝐭𝐞 𝐀𝐜𝐭𝐢𝐨𝐧 𝐀𝐠𝐚𝐢𝐧𝐬𝐭 𝐭𝐡𝐞 𝐓𝐫𝐢𝐩𝐥𝐞 𝐓𝐡𝐫𝐞𝐚𝐭
News
𝐍𝐒𝐃𝐂𝐂 𝐁𝐨𝐚𝐫𝐝 𝐑𝐚𝐥𝐥𝐢𝐞𝐬 𝐒𝐚𝐦𝐛𝐮𝐫𝐮 𝐋𝐞𝐚𝐝𝐞𝐫𝐬 𝐚𝐧𝐝 𝐂𝐨𝐦𝐦𝐮𝐧𝐢𝐭𝐢𝐞𝐬 𝐭𝐨 𝐀𝐜𝐜𝐞𝐥𝐞𝐫𝐚𝐭𝐞 𝐀𝐜𝐭𝐢𝐨𝐧 𝐀𝐠𝐚𝐢𝐧𝐬𝐭 𝐭𝐡𝐞 𝐓𝐫𝐢𝐩𝐥𝐞 𝐓𝐡𝐫𝐞𝐚𝐭
By
Evance Ogondi
|
2026-06-27T11:46:16+03:00
27/06/2026
|
News
|
The National Syndemic Diseases Control Council (NSDCC) Board, led by  [...]
Read More
0
𝐇𝐞𝐚𝐥𝐭𝐡 𝐂𝐒 𝐂𝐨𝐦𝐦𝐞𝐧𝐝𝐬 𝐍𝐒𝐃𝐂𝐂’𝐬 𝐋𝐞𝐚𝐝𝐞𝐫𝐬𝐡𝐢𝐩 𝐢𝐧 𝐊𝐞𝐧𝐲𝐚’𝐬 𝐇𝐈𝐕 𝐚𝐧𝐝 𝐒𝐲𝐧𝐝𝐞𝐦𝐢𝐜 𝐑𝐞𝐬𝐩𝐨𝐧𝐬𝐞
By
Evance Ogondi
|
2026-06-27T12:29:22+03:00
26/06/2026
|
News
|
Cabinet Secretary for Health, Hon. Aden Duale, EGH,  [...]
Read More
0
𝐍𝐒𝐃𝐂𝐂 𝐀𝐝𝐯𝐚𝐧𝐜𝐞𝐬 𝐇𝐈𝐕 𝐏𝐫𝐞𝐯𝐞𝐧𝐭𝐢𝐨𝐧 𝐚𝐧𝐝 𝐈𝐧𝐭𝐞𝐠𝐫𝐚𝐭𝐞𝐝 𝐇𝐞𝐚𝐥𝐭𝐡 𝐒𝐞𝐫𝐯𝐢𝐜𝐞𝐬 𝐃𝐮𝐫𝐢𝐧𝐠 𝐀𝐟𝐫𝐢𝐜𝐚 𝐏𝐮𝐛𝐥𝐢𝐜 𝐒𝐞𝐫𝐯𝐢𝐜𝐞 𝐃𝐚𝐲 𝟐𝟎𝟐𝟔
Gallery
𝐍𝐒𝐃𝐂𝐂 𝐀𝐝𝐯𝐚𝐧𝐜𝐞𝐬 𝐇𝐈𝐕 𝐏𝐫𝐞𝐯𝐞𝐧𝐭𝐢𝐨𝐧 𝐚𝐧𝐝 𝐈𝐧𝐭𝐞𝐠𝐫𝐚𝐭𝐞𝐝 𝐇𝐞𝐚𝐥𝐭𝐡 𝐒𝐞𝐫𝐯𝐢𝐜𝐞𝐬 𝐃𝐮𝐫𝐢𝐧𝐠 𝐀𝐟𝐫𝐢𝐜𝐚 𝐏𝐮𝐛𝐥𝐢𝐜 𝐒𝐞𝐫𝐯𝐢𝐜𝐞 𝐃𝐚𝐲 𝟐𝟎𝟐𝟔
News
𝐍𝐒𝐃𝐂𝐂 𝐀𝐝𝐯𝐚𝐧𝐜𝐞𝐬 𝐇𝐈𝐕 𝐏𝐫𝐞𝐯𝐞𝐧𝐭𝐢𝐨𝐧 𝐚𝐧𝐝 𝐈𝐧𝐭𝐞𝐠𝐫𝐚𝐭𝐞𝐝 𝐇𝐞𝐚𝐥𝐭𝐡 𝐒𝐞𝐫𝐯𝐢𝐜𝐞𝐬 𝐃𝐮𝐫𝐢𝐧𝐠 𝐀𝐟𝐫𝐢𝐜𝐚 𝐏𝐮𝐛𝐥𝐢𝐜 𝐒𝐞𝐫𝐯𝐢𝐜𝐞 𝐃𝐚𝐲 𝟐𝟎𝟐𝟔
By
Evance Ogondi
|
2026-06-26T09:14:07+03:00
26/06/2026
|
News
|
The National Syndemic Diseases Control Council (NSDCC) joined other public  [...]
Read More
0
𝐍𝐒𝐃𝐂𝐂 𝐁𝐨𝐚𝐫𝐝 𝐄𝐧𝐠𝐚𝐠𝐞𝐬 𝐊𝐢𝐭𝐮𝐢 𝐋𝐞𝐚𝐝𝐞𝐫𝐬𝐡𝐢𝐩 𝐭𝐨 𝐒𝐭𝐫𝐞𝐧𝐠𝐭𝐡𝐞𝐧 𝐌𝐮𝐥𝐭𝐢𝐬𝐞𝐜𝐭𝐨𝐫𝐚𝐥 𝐇𝐞𝐚𝐥𝐭𝐡 𝐑𝐞𝐬𝐩𝐨𝐧𝐬𝐞
Gallery
𝐍𝐒𝐃𝐂𝐂 𝐁𝐨𝐚𝐫𝐝 𝐄𝐧𝐠𝐚𝐠𝐞𝐬 𝐊𝐢𝐭𝐮𝐢 𝐋𝐞𝐚𝐝𝐞𝐫𝐬𝐡𝐢𝐩 𝐭𝐨 𝐒𝐭𝐫𝐞𝐧𝐠𝐭𝐡𝐞𝐧 𝐌𝐮𝐥𝐭𝐢𝐬𝐞𝐜𝐭𝐨𝐫𝐚𝐥 𝐇𝐞𝐚𝐥𝐭𝐡 𝐑𝐞𝐬𝐩𝐨𝐧𝐬𝐞
News
𝐍𝐒𝐃𝐂𝐂 𝐁𝐨𝐚𝐫𝐝 𝐄𝐧𝐠𝐚𝐠𝐞𝐬 𝐊𝐢𝐭𝐮𝐢 𝐋𝐞𝐚𝐝𝐞𝐫𝐬𝐡𝐢𝐩 𝐭𝐨 𝐒𝐭𝐫𝐞𝐧𝐠𝐭𝐡𝐞𝐧 𝐌𝐮𝐥𝐭𝐢𝐬𝐞𝐜𝐭𝐨𝐫𝐚𝐥 𝐇𝐞𝐚𝐥𝐭𝐡 𝐑𝐞𝐬𝐩𝐨𝐧𝐬𝐞
By
Evance Ogondi
|
2026-06-26T08:37:32+03:00
25/06/2026
|
News
|
The National Syndemic Diseases Control Council (NSDCC) Board of  [...]
Read More
0
𝐉𝐨𝐮𝐫𝐧𝐚𝐥𝐢𝐬𝐭𝐬 𝐑𝐞𝐜𝐨𝐠𝐧𝐢𝐬𝐞𝐝 𝐟𝐨𝐫 𝐒𝐭𝐫𝐞𝐧𝐠𝐭𝐡𝐞𝐧𝐢𝐧𝐠 𝐊𝐞𝐧𝐲𝐚’𝐬 𝐇𝐈𝐕 𝐑𝐞𝐬𝐩𝐨𝐧𝐬𝐞 𝐓𝐡𝐫𝐨𝐮𝐠𝐡 𝐐𝐮𝐚𝐥𝐢𝐭𝐲 𝐑𝐞𝐩𝐨𝐫𝐭𝐢𝐧𝐠
Gallery
𝐉𝐨𝐮𝐫𝐧𝐚𝐥𝐢𝐬𝐭𝐬 𝐑𝐞𝐜𝐨𝐠𝐧𝐢𝐬𝐞𝐝 𝐟𝐨𝐫 𝐒𝐭𝐫𝐞𝐧𝐠𝐭𝐡𝐞𝐧𝐢𝐧𝐠 𝐊𝐞𝐧𝐲𝐚’𝐬 𝐇𝐈𝐕 𝐑𝐞𝐬𝐩𝐨𝐧𝐬𝐞 𝐓𝐡𝐫𝐨𝐮𝐠𝐡 𝐐𝐮𝐚𝐥𝐢𝐭𝐲 𝐑𝐞𝐩𝐨𝐫𝐭𝐢𝐧𝐠
News
𝐉𝐨𝐮𝐫𝐧𝐚𝐥𝐢𝐬𝐭𝐬 𝐑𝐞𝐜𝐨𝐠𝐧𝐢𝐬𝐞𝐝 𝐟𝐨𝐫 𝐒𝐭𝐫𝐞𝐧𝐠𝐭𝐡𝐞𝐧𝐢𝐧𝐠 𝐊𝐞𝐧𝐲𝐚’𝐬 𝐇𝐈𝐕 𝐑𝐞𝐬𝐩𝐨𝐧𝐬𝐞 𝐓𝐡𝐫𝐨𝐮𝐠𝐡 𝐐𝐮𝐚𝐥𝐢𝐭𝐲 𝐑𝐞𝐩𝐨𝐫𝐭𝐢𝐧𝐠
By
Evance Ogondi
|
2026-06-25T19:10:18+03:00
25/06/2026
|
News
|
The role of journalism in advancing Kenya's response to  [...]
Read More
0
Nyeri Leaders Rally Community Support to End the Triple Threat
Gallery
Nyeri Leaders Rally Community Support to End the Triple Threat
News
Nyeri Leaders Rally Community Support to End the Triple Threat
By
Evance Ogondi
|
2026-06-25T15:49:06+03:00
25/06/2026
|
News
|
The National Syndemic Diseases Control Council (NSDCC) joined Nyeri Town  [...]
Read More
0
1
2
Next
About NSDCC
The National Syndemic Diseases Control Council (NSDCC) is a State Corporation established under Section 3 of the State Corporations Act, Cap 446, through the National AIDS Control Council Order, 1999 as amended by legal notice number 143 of 2022. The Council is mandated to manage the following syndemic diseases; HIV, sexually transmitted infections, malaria, leprosy, tuberculosis and lung disease.
News and Updates
> Health Committee Explores Sustainable Solutions for Kenya’s HIV and Syndemic Disease Response
> 𝐌𝐚𝐚𝐫𝐢𝐟𝐚 𝐇𝐞𝐚𝐥𝐭𝐡 𝐇𝐮𝐛 𝐒𝐞𝐭 𝐭𝐨 𝐄𝐧𝐡𝐚𝐧𝐜𝐞 𝐀𝐜𝐜𝐞𝐬𝐬 𝐭𝐨 𝐇𝐈𝐕 𝐏𝐫𝐞𝐯𝐞𝐧𝐭𝐢𝐨𝐧 𝐈𝐧𝐟𝐨𝐫𝐦𝐚𝐭𝐢𝐨𝐧
> 𝐍𝐒𝐃𝐂𝐂 𝐒𝐭𝐫𝐞𝐧𝐠𝐭𝐡𝐞𝐧𝐬 𝐓𝐫𝐢𝐩𝐥𝐞 𝐓𝐡𝐫𝐞𝐚𝐭 𝐑𝐞𝐬𝐩𝐨𝐧𝐬𝐞 𝐢𝐧 𝐊𝐚𝐤𝐚𝐦𝐞𝐠𝐚 𝐂𝐨𝐮𝐧𝐭𝐲
> 𝐂𝐨𝐦𝐦𝐮𝐧𝐢𝐭𝐲 𝐩𝐚𝐫𝐭𝐧𝐞𝐫𝐬𝐡𝐢𝐩𝐬 𝐫𝐞𝐦𝐚𝐢𝐧 𝐜𝐞𝐧𝐭𝐫𝐚𝐥 𝐭𝐨 𝐞𝐧𝐝𝐢𝐧𝐠 𝐀𝐈𝐃𝐒 𝐚𝐬 𝐚 𝐩𝐮𝐛𝐥𝐢𝐜 𝐡𝐞𝐚𝐥𝐭𝐡 𝐭𝐡𝐫𝐞𝐚𝐭 𝐛𝐲 𝟐𝟎𝟑𝟎
> 𝐍𝐒𝐃𝐂𝐂 𝐁𝐨𝐚𝐫𝐝 𝐑𝐚𝐥𝐥𝐢𝐞𝐬 𝐒𝐚𝐦𝐛𝐮𝐫𝐮 𝐋𝐞𝐚𝐝𝐞𝐫𝐬 𝐚𝐧𝐝 𝐂𝐨𝐦𝐦𝐮𝐧𝐢𝐭𝐢𝐞𝐬 𝐭𝐨 𝐀𝐜𝐜𝐞𝐥𝐞𝐫𝐚𝐭𝐞 𝐀𝐜𝐭𝐢𝐨𝐧 𝐀𝐠𝐚𝐢𝐧𝐬𝐭 𝐭𝐡𝐞 𝐓𝐫𝐢𝐩𝐥𝐞 𝐓𝐡𝐫𝐞𝐚𝐭
Contact Us
Maktaba Kuu Building, 2nd Floor,
Ngong Road, Upperhill
P.O. Box 61307 – 00200
Nairobi, Kenya
Phone: +254727531250, +254727531251,+254733886388,+254733886288
Email:
communication@nsdcc.go.ke
Email Address for complaints –
complaints@nsdcc.go.ke
Hotlines: ✓ +254 0202715000
(Toll-free Number)✓ 0800 720007
Mon to Fri – 8:00 am to 5:00 pm
© Copyright 2026 |   National AIDS Control Council     |   All Rights Reserved
Page load link
Skip to content
Go to Top"
nsdcc,Health,https://nsdcc.go.ke/health-committee-explores-sustainable-solutions-for-kenyas-hiv-and-syndemic-disease-response/,2026-07-10,OK,"Health Committee Explores Sustainable Solutions for Kenya’s HIV and Syndemic Disease Response – National Syndemic Diseases Control Council
Skip to content
Health Committee Explores Sustainable Solutions for Kenya’s HIV and Syndemic Disease Response
Previous
View Larger Image
Health Committee Explores Sustainable Solutions for Kenya’s HIV and Syndemic Disease Response
The National Assembly Departmental Committee on Health chaired by Hon. (Dr.) James Nyikal, MP, visited the National Syndemic Diseases Control Council (NSDCC) for a briefing on Kenya’s coordinated response to HIV and other syndemic diseases. The Committee was received by NSDCC Board Chairman Hon. Ahmed Ibrahim, Board Member Tom Okundi, Chief Executive Officer Douglas O. Bosire, and the Council’s Management Team.
Further, the Members of Parliament reviewed progress in the national response and discussed strategies for strengthening domestic resource mobilization, integrating HIV, tuberculosis, viral hepatitis, mental health, substance use disorders and non-communicable diseases, and advancing the legislative, policy and budgetary measures needed to sustain the response amid declining external funding.
The engagement reaffirmed the critical role of parliamentary oversight and collaboration in sustaining the gains made in Kenya’s HIV response and accelerating progress towards ending HIV and other syndemic diseases as public health threats by 2030.
#NSDCC #HealthCommittee #EndAIDS2030 #SyndemicResponse
By
Tabitha Lynn
|
2026-07-10T11:48:03+03:00
10/07/2026
|
News
|
0 Comments
Share This Story, Choose Your Platform!
Facebook
X
Reddit
LinkedIn
WhatsApp
Tumblr
Pinterest
Vk
Xing
Email
About the Author:
Tabitha Lynn
Related Posts
𝐌𝐚𝐚𝐫𝐢𝐟𝐚 𝐇𝐞𝐚𝐥𝐭𝐡 𝐇𝐮𝐛 𝐒𝐞𝐭 𝐭𝐨 𝐄𝐧𝐡𝐚𝐧𝐜𝐞 𝐀𝐜𝐜𝐞𝐬𝐬 𝐭𝐨 𝐇𝐈𝐕 𝐏𝐫𝐞𝐯𝐞𝐧𝐭𝐢𝐨𝐧 𝐈𝐧𝐟𝐨𝐫𝐦𝐚𝐭𝐢𝐨𝐧
Gallery
𝐌𝐚𝐚𝐫𝐢𝐟𝐚 𝐇𝐞𝐚𝐥𝐭𝐡 𝐇𝐮𝐛 𝐒𝐞𝐭 𝐭𝐨 𝐄𝐧𝐡𝐚𝐧𝐜𝐞 𝐀𝐜𝐜𝐞𝐬𝐬 𝐭𝐨 𝐇𝐈𝐕 𝐏𝐫𝐞𝐯𝐞𝐧𝐭𝐢𝐨𝐧 𝐈𝐧𝐟𝐨𝐫𝐦𝐚𝐭𝐢𝐨𝐧
𝐍𝐒𝐃𝐂𝐂 𝐒𝐭𝐫𝐞𝐧𝐠𝐭𝐡𝐞𝐧𝐬 𝐓𝐫𝐢𝐩𝐥𝐞 𝐓𝐡𝐫𝐞𝐚𝐭 𝐑𝐞𝐬𝐩𝐨𝐧𝐬𝐞 𝐢𝐧 𝐊𝐚𝐤𝐚𝐦𝐞𝐠𝐚 𝐂𝐨𝐮𝐧𝐭𝐲
Gallery
𝐍𝐒𝐃𝐂𝐂 𝐒𝐭𝐫𝐞𝐧𝐠𝐭𝐡𝐞𝐧𝐬 𝐓𝐫𝐢𝐩𝐥𝐞 𝐓𝐡𝐫𝐞𝐚𝐭 𝐑𝐞𝐬𝐩𝐨𝐧𝐬𝐞 𝐢𝐧 𝐊𝐚𝐤𝐚𝐦𝐞𝐠𝐚 𝐂𝐨𝐮𝐧𝐭𝐲
𝐂𝐨𝐦𝐦𝐮𝐧𝐢𝐭𝐲 𝐩𝐚𝐫𝐭𝐧𝐞𝐫𝐬𝐡𝐢𝐩𝐬 𝐫𝐞𝐦𝐚𝐢𝐧 𝐜𝐞𝐧𝐭𝐫𝐚𝐥 𝐭𝐨 𝐞𝐧𝐝𝐢𝐧𝐠 𝐀𝐈𝐃𝐒 𝐚𝐬 𝐚 𝐩𝐮𝐛𝐥𝐢𝐜 𝐡𝐞𝐚𝐥𝐭𝐡 𝐭𝐡𝐫𝐞𝐚𝐭 𝐛𝐲 𝟐𝟎𝟑𝟎
Gallery
𝐂𝐨𝐦𝐦𝐮𝐧𝐢𝐭𝐲 𝐩𝐚𝐫𝐭𝐧𝐞𝐫𝐬𝐡𝐢𝐩𝐬 𝐫𝐞𝐦𝐚𝐢𝐧 𝐜𝐞𝐧𝐭𝐫𝐚𝐥 𝐭𝐨 𝐞𝐧𝐝𝐢𝐧𝐠 𝐀𝐈𝐃𝐒 𝐚𝐬 𝐚 𝐩𝐮𝐛𝐥𝐢𝐜 𝐡𝐞𝐚𝐥𝐭𝐡 𝐭𝐡𝐫𝐞𝐚𝐭 𝐛𝐲 𝟐𝟎𝟑𝟎
𝐍𝐒𝐃𝐂𝐂 𝐁𝐨𝐚𝐫𝐝 𝐑𝐚𝐥𝐥𝐢𝐞𝐬 𝐒𝐚𝐦𝐛𝐮𝐫𝐮 𝐋𝐞𝐚𝐝𝐞𝐫𝐬 𝐚𝐧𝐝 𝐂𝐨𝐦𝐦𝐮𝐧𝐢𝐭𝐢𝐞𝐬 𝐭𝐨 𝐀𝐜𝐜𝐞𝐥𝐞𝐫𝐚𝐭𝐞 𝐀𝐜𝐭𝐢𝐨𝐧 𝐀𝐠𝐚𝐢𝐧𝐬𝐭 𝐭𝐡𝐞 𝐓𝐫𝐢𝐩𝐥𝐞 𝐓𝐡𝐫𝐞𝐚𝐭
Gallery
𝐍𝐒𝐃𝐂𝐂 𝐁𝐨𝐚𝐫𝐝 𝐑𝐚𝐥𝐥𝐢𝐞𝐬 𝐒𝐚𝐦𝐛𝐮𝐫𝐮 𝐋𝐞𝐚𝐝𝐞𝐫𝐬 𝐚𝐧𝐝 𝐂𝐨𝐦𝐦𝐮𝐧𝐢𝐭𝐢𝐞𝐬 𝐭𝐨 𝐀𝐜𝐜𝐞𝐥𝐞𝐫𝐚𝐭𝐞 𝐀𝐜𝐭𝐢𝐨𝐧 𝐀𝐠𝐚𝐢𝐧𝐬𝐭 𝐭𝐡𝐞 𝐓𝐫𝐢𝐩𝐥𝐞 𝐓𝐡𝐫𝐞𝐚𝐭
Leave A Comment
Cancel reply
About NSDCC
The National Syndemic Diseases Control Council (NSDCC) is a State Corporation established under Section 3 of the State Corporations Act, Cap 446, through the National AIDS Control Council Order, 1999 as amended by legal notice number 143 of 2022. The Council is mandated to manage the following syndemic diseases; HIV, sexually transmitted infections, malaria, leprosy, tuberculosis and lung disease.
News and Updates
> Health Committee Explores Sustainable Solutions for Kenya’s HIV and Syndemic Disease Response
> 𝐌𝐚𝐚𝐫𝐢𝐟𝐚 𝐇𝐞𝐚𝐥𝐭𝐡 𝐇𝐮𝐛 𝐒𝐞𝐭 𝐭𝐨 𝐄𝐧𝐡𝐚𝐧𝐜𝐞 𝐀𝐜𝐜𝐞𝐬𝐬 𝐭𝐨 𝐇𝐈𝐕 𝐏𝐫𝐞𝐯𝐞𝐧𝐭𝐢𝐨𝐧 𝐈𝐧𝐟𝐨𝐫𝐦𝐚𝐭𝐢𝐨𝐧
> 𝐍𝐒𝐃𝐂𝐂 𝐒𝐭𝐫𝐞𝐧𝐠𝐭𝐡𝐞𝐧𝐬 𝐓𝐫𝐢𝐩𝐥𝐞 𝐓𝐡𝐫𝐞𝐚𝐭 𝐑𝐞𝐬𝐩𝐨𝐧𝐬𝐞 𝐢𝐧 𝐊𝐚𝐤𝐚𝐦𝐞𝐠𝐚 𝐂𝐨𝐮𝐧𝐭𝐲
> 𝐂𝐨𝐦𝐦𝐮𝐧𝐢𝐭𝐲 𝐩𝐚𝐫𝐭𝐧𝐞𝐫𝐬𝐡𝐢𝐩𝐬 𝐫𝐞𝐦𝐚𝐢𝐧 𝐜𝐞𝐧𝐭𝐫𝐚𝐥 𝐭𝐨 𝐞𝐧𝐝𝐢𝐧𝐠 𝐀𝐈𝐃𝐒 𝐚𝐬 𝐚 𝐩𝐮𝐛𝐥𝐢𝐜 𝐡𝐞𝐚𝐥𝐭𝐡 𝐭𝐡𝐫𝐞𝐚𝐭 𝐛𝐲 𝟐𝟎𝟑𝟎
> 𝐍𝐒𝐃𝐂𝐂 𝐁𝐨𝐚𝐫𝐝 𝐑𝐚𝐥𝐥𝐢𝐞𝐬 𝐒𝐚𝐦𝐛𝐮𝐫𝐮 𝐋𝐞𝐚𝐝𝐞𝐫𝐬 𝐚𝐧𝐝 𝐂𝐨𝐦𝐦𝐮𝐧𝐢𝐭𝐢𝐞𝐬 𝐭𝐨 𝐀𝐜𝐜𝐞𝐥𝐞𝐫𝐚𝐭𝐞 𝐀𝐜𝐭𝐢𝐨𝐧 𝐀𝐠𝐚𝐢𝐧𝐬𝐭 𝐭𝐡𝐞 𝐓𝐫𝐢𝐩𝐥𝐞 𝐓𝐡𝐫𝐞𝐚𝐭
Contact Us
Maktaba Kuu Building, 2nd Floor,
Ngong Road, Upperhill
P.O. Box 61307 – 00200
Nairobi, Kenya
Phone: +254727531250, +254727531251,+254733886388,+254733886288
Email:
communication@nsdcc.go.ke
Email Address for complaints –
complaints@nsdcc.go.ke
Hotlines: ✓ +254 0202715000
(Toll-free Number)✓ 0800 720007
Mon to Fri – 8:00 am to 5:00 pm
© Copyright 2026 |   National AIDS Control Council     |   All Rights Reserved
Page load link
Skip to content
Go to Top"
